path	bytes	sha256
dzi_example/RS007_048_neottia nidus-avis_large_image_20X_z000.dzi	191	8ea30a86baf464e8a61ae5788bec9d7f3bfb2a95baccd005d40678f7717ebd15
dzi_example/RS007_048_neottia nidus-avis_large_image_20X_z000_files/0/0_0.jpg	287	01b2b12e233be30e2cbc9a5e57741bec7725ab23847ea7d4a1e8cff00e644da9
dzi_example/RS007_048_neottia nidus-avis_large_image_20X_z000_files/1/0_0.jpg	295	716e0e920581538942d687954d884e8f1a56d9002a1ddd454261ec53430763fa
dzi_example/RS007_048_neottia nidus-avis_large_image_20X_z000_files/10/0_0.jpg	61006	1d96b5f3655c647f039a7ea8a7f2186f5618e49f33e11ad2e89512f0bb5b05a8
dzi_example/RS007_048_neottia nidus-avis_large_image_20X_z000_files/11/0_0.jpg	225511	463861beda9a5be6f5dd58dc8dc76794331b04bf0a367d54cd44195c8371c7d3
dzi_example/RS007_048_neottia nidus-avis_large_image_20X_z000_files/12/0_0.jpg	556736	50d571c44a310e8fec3c0c35281bd93417edeb2a9b1d5408abe76efc08741967
dzi_example/RS007_048_neottia nidus-avis_large_image_20X_z000_files/12/0_1.jpg	152294	a117b5f8dd8bf17599e949c276ff6ed96008f7a9e4623be7472bfa9262a03e63
dzi_example/RS007_048_neottia nidus-avis_large_image_20X_z000_files/12/1_0.jpg	149956	dfde30f5badc07447a041d3f0e9cd5ab93ddb2200ac4fb7b3584fc6bc5b6dd40
dzi_example/RS007_048_neottia nidus-avis_large_image_20X_z000_files/12/1_1.jpg	66815	799f82403479cdc45609a47e8aee7dc555c38073e4b49232bdb075abec6f40a2
dzi_example/RS007_048_neottia nidus-avis_large_image_20X_z000_files/13/0_0.jpg	958736	af892d3ce9eebf3d731de2504a4b2ce95894cf2040a43bedc078305ce5bbbd08
dzi_example/RS007_048_neottia nidus-avis_large_image_20X_z000_files/13/0_1.jpg	659321	f9c1c4e15714dcd5aaa6965851ee7e490b05e09f675610c7dd79347742ddf5f7
dzi_example/RS007_048_neottia nidus-avis_large_image_20X_z000_files/13/0_2.jpg	500877	a9b7f995b441bbb8298150231e565f7c3759fb369666125cd9f9dd929ca4f2a9
dzi_example/RS007_048_neottia nidus-avis_large_image_20X_z000_files/13/1_0.jpg	545541	5822d3ef82bc159246e84206f4340b0a9066686e895e5ef8952db5b6495ab1a8
dzi_example/RS007_048_neottia nidus-avis_large_image_20X_z000_files/13/1_1.jpg	483269	8e87dd526a14b33667475663a376443d8bd0e41d901be7e70807c740a1ceafa3
dzi_example/RS007_048_neottia nidus-avis_large_image_20X_z000_files/13/1_2.jpg	286160	6e805c8887f1de14946b484bd916da594bf1c073a3f2f743019cc1cb5657c335
dzi_example/RS007_048_neottia nidus-avis_large_image_20X_z000_files/13/2_0.jpg	488527	1a157d2b6081c7a2a45f22912148ddeb4637dc9992218a8f7ff4241b1d122ad7
dzi_example/RS007_048_neottia nidus-avis_large_image_20X_z000_files/13/2_1.jpg	273467	3dddb7e063759ad237f5ef2877827e926c7549a026973ca2332a0bdf6cc99722
dzi_example/RS007_048_neottia nidus-avis_large_image_20X_z000_files/13/2_2.jpg	337761	f2ef8b398f0f8338e92fff3a1766357d61f7ebb47471a2adf4496730e6f914ac
dzi_example/RS007_048_neottia nidus-avis_large_image_20X_z000_files/14/0_0.jpg	1518513	8f20a43de56fe515a0282784b7c14ec5d80d4c49db6ed88d43e17118dc2c4fd8
dzi_example/RS007_048_neottia nidus-avis_large_image_20X_z000_files/14/0_1.jpg	1231654	23291c91c198de9fb516a533539d321c338436713c6b15921e4615434851fc5d
dzi_example/RS007_048_neottia nidus-avis_large_image_20X_z000_files/14/0_2.jpg	951351	ffa16d2d75b96bd8d9dc98321f74f027a1b57f2a6049715e957c5ba6a7fbf893
dzi_example/RS007_048_neottia nidus-avis_large_image_20X_z000_files/14/0_3.jpg	1077915	9b0e2cba59f66584e8de60f95987c6668a5ee24e42ae150bc7798a5e66d4b4f1
dzi_example/RS007_048_neottia nidus-avis_large_image_20X_z000_files/14/0_4.jpg	1341078	87538ac910050a0dc597472397628556d13adb909a1713506e1ea2ecc21b29c4
dzi_example/RS007_048_neottia nidus-avis_large_image_20X_z000_files/14/0_5.jpg	470758	23c3219a3518e76f5aeb533a949a7755cc9c8fa99f8284eef383212978a29839
dzi_example/RS007_048_neottia nidus-avis_large_image_20X_z000_files/14/1_0.jpg	1320232	44dbca14325ba82b5c784c7c6f39b8c1f895d73c6ab3c8fbdfd97ff1fb93cea3
dzi_example/RS007_048_neottia nidus-avis_large_image_20X_z000_files/14/1_1.jpg	409642	a4be7c906f8efa4a6c3846689047a532e67d07c096e3e29b05639057fa19f2d7
dzi_example/RS007_048_neottia nidus-avis_large_image_20X_z000_files/14/1_2.jpg	520168	c42ea58a5c120d626204b36075944d8130942a1758c2ab523452e2ffa14e93d0
dzi_example/RS007_048_neottia nidus-avis_large_image_20X_z000_files/14/1_3.jpg	446378	13a15fbcbde452491e9aad9c58f0e716eb67a909581f58eee08cc74aa1489973
dzi_example/RS007_048_neottia nidus-avis_large_image_20X_z000_files/14/1_4.jpg	579691	f62ad69af55094e6b5dc5fefcb7f316653a983c9df0cf23acf9ad73102b9b40f
dzi_example/RS007_048_neottia nidus-avis_large_image_20X_z000_files/14/1_5.jpg	490707	13125e2cbfcb1bd24c69f67c03a26b463e0e2d901482e5291fa139f8444b392c
dzi_example/RS007_048_neottia nidus-avis_large_image_20X_z000_files/14/2_0.jpg	796734	5f9fb132fd243095bfb22bfe41c38f827055a802ef04cddd3fbe9fbabf6536c5
dzi_example/RS007_048_neottia nidus-avis_large_image_20X_z000_files/14/2_1.jpg	448488	31d790f92a04b832936e157d98d6031b48a3a57c00143adeade68c1fdbf15908
dzi_example/RS007_048_neottia nidus-avis_large_image_20X_z000_files/14/2_2.jpg	609258	4fc2003fc843752a101e45d35fc02a56677ce4be59fc5bb2fa0f9982ddc20cea
dzi_example/RS007_048_neottia nidus-avis_large_image_20X_z000_files/14/2_3.jpg	509215	d25302b80e73d8a17fe045a08c69aafbb1412786a2730ce9fc55a0c1a68ab20e
dzi_example/RS007_048_neottia nidus-avis_large_image_20X_z000_files/14/2_4.jpg	341122	36f798d9d43cd450a823b9e2d392ae8035630f228840fe8b51d2d8f40029cfc7
dzi_example/RS007_048_neottia nidus-avis_large_image_20X_z000_files/14/2_5.jpg	374570	ef8fcb034d9742c8a7bb4f30b7ab20ed132b2c8331c4ed3ef32b3ad55169ddd6
dzi_example/RS007_048_neottia nidus-avis_large_image_20X_z000_files/14/3_0.jpg	885540	e76ecb1f1bd0e30de03ee0007daf27c25ad2f03f27263dc691a347a7a8d848d0
dzi_example/RS007_048_neottia nidus-avis_large_image_20X_z000_files/14/3_1.jpg	428793	7f13e652adf7f15bc06483b64b22a14961b3908542f1c8fec4a80a3410b9b95d
dzi_example/RS007_048_neottia nidus-avis_large_image_20X_z000_files/14/3_2.jpg	581412	307793097137023e0f8c4bab5211bd9278037c4ae01de3f56e14187278f80ef0
dzi_example/RS007_048_neottia nidus-avis_large_image_20X_z000_files/14/3_3.jpg	445910	223b613331aa3178ea77500ca7661abe77d94560d6f8c6695049432d3bd7bcd6
dzi_example/RS007_048_neottia nidus-avis_large_image_20X_z000_files/14/3_4.jpg	346812	b6461ce56739b99e12e8bb792621f52374c1599b7e5a4bd49e4c37bc15396c47
dzi_example/RS007_048_neottia nidus-avis_large_image_20X_z000_files/14/3_5.jpg	435104	0984a14574ae35518e66eb3f23b9c7c1eda1611d17d27a47d70f9e8991fe6171
dzi_example/RS007_048_neottia nidus-avis_large_image_20X_z000_files/14/4_0.jpg	1190319	1670305be2c7dc774e9f6df3b9a16e768eee4a57e6bda692bc646859ea27f451
dzi_example/RS007_048_neottia nidus-avis_large_image_20X_z000_files/14/4_1.jpg	667881	44106020fbe18af9fee62b217ba7c5c7175df10e0b59b8b710ba12ffd1c2c20c
dzi_example/RS007_048_neottia nidus-avis_large_image_20X_z000_files/14/4_2.jpg	341342	e6836e8e2e7e0a53b9ebf549d41b179b24a3c12e12986ee6728e7c3fb593fa99
dzi_example/RS007_048_neottia nidus-avis_large_image_20X_z000_files/14/4_3.jpg	358866	658e4eacd6750a581f301abcf115eb781cd22916a1eb712fa859c34b55dd8dde
dzi_example/RS007_048_neottia nidus-avis_large_image_20X_z000_files/14/4_4.jpg	825062	b3f2903d24e066ab53b28c4e3d2e15283622e5bcd89628cb2f427595fc298743
dzi_example/RS007_048_neottia nidus-avis_large_image_20X_z000_files/14/4_5.jpg	531952	8f917f06d7fee56fc799dddf3ead6db156c8477bba350b8a40e63d28cf9cb476
dzi_example/RS007_048_neottia nidus-avis_large_image_20X_z000_files/14/5_0.jpg	406726	b17f334571e197541ba1fc551a4001bfdd6f6271ff5ecf62487c4598bf094549
dzi_example/RS007_048_neottia nidus-avis_large_image_20X_z000_files/14/5_1.jpg	408408	60e3188afc05f448a1c5defc8a15cf46e238afc1c4ffb16144eebcc792393465
dzi_example/RS007_048_neottia nidus-avis_large_image_20X_z000_files/14/5_2.jpg	357036	84c388ac9e80b8fd2002739a1ff2121eda7bf43f59782a07f0700b7dd5e14071
dzi_example/RS007_048_neottia nidus-avis_large_image_20X_z000_files/14/5_3.jpg	321574	46dac455bee7452c843f7bd4537e3b6f5cba12052473e5c301bea683620a3732
dzi_example/RS007_048_neottia nidus-avis_large_image_20X_z000_files/14/5_4.jpg	364529	fbbffec7eb260672be092fc5dca01d0d6772d8e2862161446ccf18fcd8da22ae
dzi_example/RS007_048_neottia nidus-avis_large_image_20X_z000_files/14/5_5.jpg	157612	3133d86d4f94a9294a425f1187f7759024e2afca3b2e5f7a5e5be68e93d63485
dzi_example/RS007_048_neottia nidus-avis_large_image_20X_z000_files/15/0_0.jpg	1271058	9c72bfd3db3db400e0745b87eb885cfe9da2f8bc4c5dc4903bc54dc865d31e52
dzi_example/RS007_048_neottia nidus-avis_large_image_20X_z000_files/15/0_1.jpg	1286267	2ee0b7ab219970b56334dc382b223cb9c53e4f2a1a8ec36854eeedb90dad8c79
dzi_example/RS007_048_neottia nidus-avis_large_image_20X_z000_files/15/0_10.jpg	1050500	6a1ff2dc0e7645c50509beee34df4c5d6f4d9de28bfe639b27757df9f6246115
dzi_example/RS007_048_neottia nidus-avis_large_image_20X_z000_files/15/0_2.jpg	1282762	801391a6a4cb23d1276760415e883bf5cd5367e1b41b9878759a472401b56aa1
dzi_example/RS007_048_neottia nidus-avis_large_image_20X_z000_files/15/0_3.jpg	1293243	450d845ce9762ae69c28985e1bab2aaeb003a881aa1cdcf7a440cb74e3c43775
dzi_example/RS007_048_neottia nidus-avis_large_image_20X_z000_files/15/0_4.jpg	1331524	2b9e7a0845c634042c5b4983f8ebb55e33adf559b35fd9a06af8c74b7df347eb
dzi_example/RS007_048_neottia nidus-avis_large_image_20X_z000_files/15/0_5.jpg	1343931	7ec1c02cb67164a4292b64bc25e0362af6792353ca2dcaf47472162def9426d5
dzi_example/RS007_048_neottia nidus-avis_large_image_20X_z000_files/15/0_6.jpg	1385969	7e5075d9d5756cddf34f87016f5ec4be56ff8ebaffc4e3b8ab4e586161271d85
dzi_example/RS007_048_neottia nidus-avis_large_image_20X_z000_files/15/0_7.jpg	1436862	e61776cd9e7787d5e54edff5cb2b16a2cdf3c4902c8dc4603824c5413d29ec28
dzi_example/RS007_048_neottia nidus-avis_large_image_20X_z000_files/15/0_8.jpg	1440216	3323e2cff99a61e0c9454cb8d4c2fe063c8e967f7899e203ceea409848062196
dzi_example/RS007_048_neottia nidus-avis_large_image_20X_z000_files/15/0_9.jpg	1411923	9a0de43bc3589398c19f66884f63253207a51ade201b2179b01251806bc27957
dzi_example/RS007_048_neottia nidus-avis_large_image_20X_z000_files/15/1_0.jpg	1413665	a46a6c63d587df748df69177cbf56bc591b29b5ca983ab0e0fda5a61b71dae83
dzi_example/RS007_048_neottia nidus-avis_large_image_20X_z000_files/15/1_1.jpg	1424899	718a235599f060595863586a6a8160e34820b21220e591583c784111cfa83590
dzi_example/RS007_048_neottia nidus-avis_large_image_20X_z000_files/15/1_10.jpg	1039373	0d86a4a5e135baa5f71152f5dea035b30cb466ccacfc847ccfa62255ba26d99f
dzi_example/RS007_048_neottia nidus-avis_large_image_20X_z000_files/15/1_2.jpg	1225795	2b6388941130c53a5995021f97bb2b66f64d31d7c79a63570eabcbe3f48228d7
dzi_example/RS007_048_neottia nidus-avis_large_image_20X_z000_files/15/1_3.jpg	726064	4b31bf193d1d5345dd447cf8e744cab0f20dfe96a431bd7c1ac54fffb3a9c9f9
dzi_example/RS007_048_neottia nidus-avis_large_image_20X_z000_files/15/1_4.jpg	503949	ffb7e13dd0b143c08e0c24d03124dd9cc89c5025d24e10b271e23ccfb9910b42
dzi_example/RS007_048_neottia nidus-avis_large_image_20X_z000_files/15/1_5.jpg	466713	f2fb6becbb69e18587316da0379099a3d9d2f8007e11f8d192b090d8f8c4130a
dzi_example/RS007_048_neottia nidus-avis_large_image_20X_z000_files/15/1_6.jpg	526815	6ad2918b701837db9088ef55435fd5eb0bf8cc40fe786776a3d83aef55fb1c00
dzi_example/RS007_048_neottia nidus-avis_large_image_20X_z000_files/15/1_7.jpg	873026	08e18815b098c665f0f2ba471a4b15cd8a3265498deba402864c9dc46e158e87
dzi_example/RS007_048_neottia nidus-avis_large_image_20X_z000_files/15/1_8.jpg	1275085	108583f9f94e300d6fef4233d017c0d0b56331d12ea43f76bc37bc4d1d6ff4e5
dzi_example/RS007_048_neottia nidus-avis_large_image_20X_z000_files/15/1_9.jpg	1418747	f542667355ee806f6892450eebe2d631139c71c0d2489cec503431735bec67b1
dzi_example/RS007_048_neottia nidus-avis_large_image_20X_z000_files/15/10_0.jpg	785514	c5548ec544e370be53e56b1bb798e65713bee6554e858ccb1380c206a2703a13
dzi_example/RS007_048_neottia nidus-avis_large_image_20X_z000_files/15/10_1.jpg	830312	0936a0a3552bd8608912e853cf5c8f10a82f6d4abb06bae0ae572a2172a8a558
dzi_example/RS007_048_neottia nidus-avis_large_image_20X_z000_files/15/10_10.jpg	560442	41b93ee56c5bf35f590c8aa65d48ecd447380918854e81416185680a87cee425
dzi_example/RS007_048_neottia nidus-avis_large_image_20X_z000_files/15/10_2.jpg	819593	c97bb53047588d6208717c6f1f87421feec53db740e5221ecbfb3827fa894933
dzi_example/RS007_048_neottia nidus-avis_large_image_20X_z000_files/15/10_3.jpg	836772	02de29356c20e2937839c9ca62aaad43dd32b05bd0efd2bfb960d396e59d70cd
dzi_example/RS007_048_neottia nidus-avis_large_image_20X_z000_files/15/10_4.jpg	821547	673f748368ea5de1ac83cabe5fad07b8951747d18a2b792db2ab64b3431a9b51
dzi_example/RS007_048_neottia nidus-avis_large_image_20X_z000_files/15/10_5.jpg	720709	5d9c1de37a1608376c47da8f7beff3bf16f15e972747e2e678d39961d3beb1fe
dzi_example/RS007_048_neottia nidus-avis_large_image_20X_z000_files/15/10_6.jpg	655381	c4df03cbfb4641869b707025a78a43726c8a1b2770b46f10ccbc9a9477750a42
dzi_example/RS007_048_neottia nidus-avis_large_image_20X_z000_files/15/10_7.jpg	752427	0f0cad3ea3ab6201d7e65a0df5bef722147aa361302972b69e0a8b616c4acba2
dzi_example/RS007_048_neottia nidus-avis_large_image_20X_z000_files/15/10_8.jpg	742542	be870dd2ca76a69844aefce7523998095d6929b125d1e6940fd7a3bb05239897
dzi_example/RS007_048_neottia nidus-avis_large_image_20X_z000_files/15/10_9.jpg	703750	9a9003964e8d956dd8b14dfdfc9cc7103ae1dae0870631038a2ebd0735f04759
dzi_example/RS007_048_neottia nidus-avis_large_image_20X_z000_files/15/2_0.jpg	1376322	46753cdf23b93f2d1acf4638c64f646df447a9d9760b8ec82c527503e06db5e8
dzi_example/RS007_048_neottia nidus-avis_large_image_20X_z000_files/15/2_1.jpg	1317715	44d35dedf31566881ed0683f3ff8b904a63fc31c7df7ae280b72a1c0cb752099
dzi_example/RS007_048_neottia nidus-avis_large_image_20X_z000_files/15/2_10.jpg	1082331	1018a0a03b2aadc596f0223e879bbf761f119f00dba5d7f6eda411271bf78497
dzi_example/RS007_048_neottia nidus-avis_large_image_20X_z000_files/15/2_2.jpg	624464	cf40884e231ddd9fa85b5bc8e7ba91680dacdac87486f190b0a7fb59c41d67d4
dzi_example/RS007_048_neottia nidus-avis_large_image_20X_z000_files/15/2_3.jpg	450903	f54fc9f222a2f8d3b9ccdb7de7443d2d7c927f506910e752b13093ac6fe94e39
dzi_example/RS007_048_neottia nidus-avis_large_image_20X_z000_files/15/2_4.jpg	517636	9395e64a8cdccfde335ba61d43238598090ec1130d3548edd38ea2502c3af7f2
dzi_example/RS007_048_neottia nidus-avis_large_image_20X_z000_files/15/2_5.jpg	594644	41a824547f635952221661876d191f5c9143ea05562c353be06520d3b71a0a39
dzi_example/RS007_048_neottia nidus-avis_large_image_20X_z000_files/15/2_6.jpg	529523	c3a09d695758d9d7f4f1a4f22713a769e1b6036e6b9a099eb1e8543eb12dbfce
dzi_example/RS007_048_neottia nidus-avis_large_image_20X_z000_files/15/2_7.jpg	466910	cd234c26eeb96f7779812865385d6a69592f31155fc8d43a2229c3caa4b52e82
dzi_example/RS007_048_neottia nidus-avis_large_image_20X_z000_files/15/2_8.jpg	496442	069f8f30c1d9afe33a0c1a6a36f2007d7f86fef6f824e7399751dd4570d86421
dzi_example/RS007_048_neottia nidus-avis_large_image_20X_z000_files/15/2_9.jpg	1221773	949b6b44cc382a083fb307d0650fb368697674fa39f397ce7ea03b0b0f8b4c69
dzi_example/RS007_048_neottia nidus-avis_large_image_20X_z000_files/15/3_0.jpg	1361042	c0908ba80f0607ae48762f3ae10850f44ff6629192f7e2321740fc31916908b3
dzi_example/RS007_048_neottia nidus-avis_large_image_20X_z000_files/15/3_1.jpg	821398	782a8f7a7a59f4de7e1294987a9afa270589683aa169c1ec2fed4035416cda18
dzi_example/RS007_048_neottia nidus-avis_large_image_20X_z000_files/15/3_10.jpg	1087408	d4c905e13ced319b3c3f4e42607cf32df9dcc261910ee0b6149b3b16b8adb562
dzi_example/RS007_048_neottia nidus-avis_large_image_20X_z000_files/15/3_2.jpg	466934	6edaa26985a461239d1a3cf5ce41a0a5cefbaeeb7225b16c252e64e53dba5b10
dzi_example/RS007_048_neottia nidus-avis_large_image_20X_z000_files/15/3_3.jpg	514717	e3cce285c6bb3b3f1edfc4439de04856c28686a26fd72fc8ea10ed0f7407fc17
dzi_example/RS007_048_neottia nidus-avis_large_image_20X_z000_files/15/3_4.jpg	629966	25de241c9cd1994b846cc6314047e672a7ba408c64a88a4e3e03b7fc8ed3d253
dzi_example/RS007_048_neottia nidus-avis_large_image_20X_z000_files/15/3_5.jpg	620697	500e77a13e27ae01ce45ebef3cf540caa816d9de73751d067b7eba75d1927c72
dzi_example/RS007_048_neottia nidus-avis_large_image_20X_z000_files/15/3_6.jpg	581448	32b9f982a21ab4b58182c225bc79048a517fff3f6b44e84c054bb8644e230053
dzi_example/RS007_048_neottia nidus-avis_large_image_20X_z000_files/15/3_7.jpg	566494	be3b508e350ad068a5dcb7f3e62a6ab5675f01fee33190733916e8ec6259edf7
dzi_example/RS007_048_neottia nidus-avis_large_image_20X_z000_files/15/3_8.jpg	443145	3b1c38eb66157033e0344d24790a192a342eccb728efa873d04626c70036c286
dzi_example/RS007_048_neottia nidus-avis_large_image_20X_z000_files/15/3_9.jpg	606254	f001069822ac781dbc34ad21ba67c0b24ed51f3d4ccc5cec29bc683e6b7a417e
dzi_example/RS007_048_neottia nidus-avis_large_image_20X_z000_files/15/4_0.jpg	1206787	5b413458370ada2e0b04caddf9ebef752206a90f1633d4f4ae8f84691d72b518
dzi_example/RS007_048_neottia nidus-avis_large_image_20X_z000_files/15/4_1.jpg	477039	fae994cf70c6be9d2f2f495d872c2aeb14e415f68fba3e36d23e561c99135c8a
dzi_example/RS007_048_neottia nidus-avis_large_image_20X_z000_files/15/4_10.jpg	899119	bab130c6fd5b5ac14c68747c97aa9c832d1f4971155a33613c29450dcc3e30f1
dzi_example/RS007_048_neottia nidus-avis_large_image_20X_z000_files/15/4_2.jpg	478261	9284564c27180e57127355b497113132e3a2b743a7e810440204b8f60a8e4e2c
dzi_example/RS007_048_neottia nidus-avis_large_image_20X_z000_files/15/4_3.jpg	569850	ebad04f934a7b684795715c20b315913ac0c0f571dbdb18d9a315b9e9ec0425d
dzi_example/RS007_048_neottia nidus-avis_large_image_20X_z000_files/15/4_4.jpg	639509	3524ca67d6070e527de0f06907c7844c404973de7f6293ab81fd59903b6a09bc
dzi_example/RS007_048_neottia nidus-avis_large_image_20X_z000_files/15/4_5.jpg	732351	bed427951c8fb4de612803f1f7d7fcecc9b0d259c266454bcc4bdfd80da56b48
dzi_example/RS007_048_neottia nidus-avis_large_image_20X_z000_files/15/4_6.jpg	648571	068e5ccab84b53fd65a0fd20f2317870c85d593507afc16e3a1702e265d5b3d8
dzi_example/RS007_048_neottia nidus-avis_large_image_20X_z000_files/15/4_7.jpg	604590	334e0345f1cadd435fc9ed1d963cb7bec387ceb33605f24b1acc5e704f0f0029
dzi_example/RS007_048_neottia nidus-avis_large_image_20X_z000_files/15/4_8.jpg	504585	05d56a7e2afe3051c049104b831a3c914a042ff08154c0f06f1ddf83868dfb3d
dzi_example/RS007_048_neottia nidus-avis_large_image_20X_z000_files/15/4_9.jpg	450065	dc3ca48011e0d85ae5e3de0c1dbc7ed294f087d14be4cc48f1bf2bf483698246
dzi_example/RS007_048_neottia nidus-avis_large_image_20X_z000_files/15/5_0.jpg	1058958	f9a355561a4509d16e2fdfb59d59f4932a1f9023fa44c5c8f7521872c85f7be5
dzi_example/RS007_048_neottia nidus-avis_large_image_20X_z000_files/15/5_1.jpg	467898	98dc9c8799c133b3eb9578f7bde1486387274f5682f2a1dca59f12e4966bded6
dzi_example/RS007_048_neottia nidus-avis_large_image_20X_z000_files/15/5_10.jpg	797086	2d2c5b8dc7c97b2d1281ee0b6faf74373eb78699e3980863fa7059bb4d226176
dzi_example/RS007_048_neottia nidus-avis_large_image_20X_z000_files/15/5_2.jpg	456063	57b20e2f17275cfbd30811bf5a898eb9d9032a13f66622fee3d09ea61cb9a373
dzi_example/RS007_048_neottia nidus-avis_large_image_20X_z000_files/15/5_3.jpg	678322	444a5374e60d97ba6976a557006156ae030b5c2965c0f6403ea3d3628b5c9999
dzi_example/RS007_048_neottia nidus-avis_large_image_20X_z000_files/15/5_4.jpg	627332	56e83938807ab9f3645a9daf6986c0a3b4e2d32378139d34dcc371056d086bab
dzi_example/RS007_048_neottia nidus-avis_large_image_20X_z000_files/15/5_5.jpg	609587	49945c78d6f9d75e458e49bb85add683b604ff29b2ec2947e638c0fd544f4f0a
dzi_example/RS007_048_neottia nidus-avis_large_image_20X_z000_files/15/5_6.jpg	549057	3576ea52408bee17ea74f7d4076f5a86782b293fb6e9b1f0afd06fe76463d8a5
dzi_example/RS007_048_neottia nidus-avis_large_image_20X_z000_files/15/5_7.jpg	577820	aed1feb52119f4c9cc0587faa78fe8a7b4f60a421e29eaf4cd909a66c58f0f8f
dzi_example/RS007_048_neottia nidus-avis_large_image_20X_z000_files/15/5_8.jpg	473715	8ee7f272140c1470ede430fe7008f84f62ff18cab29b2a8f59d1120c6f5589a1
dzi_example/RS007_048_neottia nidus-avis_large_image_20X_z000_files/15/5_9.jpg	438392	86187bb9a6d51f16da036778308756544a68b57bd0c817dc458476f470f1254f
dzi_example/RS007_048_neottia nidus-avis_large_image_20X_z000_files/15/6_0.jpg	1205401	1a301cfdfea0b5644d8d41b459cd3622b918a7d0a32aa5a1c77dbb04390dc490
dzi_example/RS007_048_neottia nidus-avis_large_image_20X_z000_files/15/6_1.jpg	483410	ada8757afd75031c242a060ab1111f9729c857e8237e397f9cb5a4704cda67a2
dzi_example/RS007_048_neottia nidus-avis_large_image_20X_z000_files/15/6_10.jpg	837641	f8ee860cb9c499635a3e4649bdf0a6d526f9692c34d67256d268d7e328d7b757
dzi_example/RS007_048_neottia nidus-avis_large_image_20X_z000_files/15/6_2.jpg	445091	8a5fa0ea7cb5d46321b47ad3ab2ad914afd32a70dafea3307b7588d89d7008ed
dzi_example/RS007_048_neottia nidus-avis_large_image_20X_z000_files/15/6_3.jpg	677424	d9f70b12bd6bd0b88712749cb3c579515f055c1fb7252cd7629b455ed25ec23c
dzi_example/RS007_048_neottia nidus-avis_large_image_20X_z000_files/15/6_4.jpg	706017	b2d89c51adecde0a1952e89960ca0bd47bf87368a3d4ccaaf1ae22afa1011d40
dzi_example/RS007_048_neottia nidus-avis_large_image_20X_z000_files/15/6_5.jpg	570188	244d5423dec3e2d47ed98a342f67c21598251a669f3951a0fee75c2e4d2bca67
dzi_example/RS007_048_neottia nidus-avis_large_image_20X_z000_files/15/6_6.jpg	476007	6cc99217c922bb5495ef229f1c7ffd8cf448303373c002d1b29eac45c9d797f0
dzi_example/RS007_048_neottia nidus-avis_large_image_20X_z000_files/15/6_7.jpg	586175	db9e7ad7351ac7a0f46f3ead4f679726319ebcde271238125446aeb876d2e5dd
dzi_example/RS007_048_neottia nidus-avis_large_image_20X_z000_files/15/6_8.jpg	464299	d646377565157d88cd562e63ab9c154ad1d69252f6c0ce2cd468b502b2fa75b9
dzi_example/RS007_048_neottia nidus-avis_large_image_20X_z000_files/15/6_9.jpg	437393	72a1cc9c0f7b4f7c08ce8453e5575e8a1d55ae251005bef7319b92dc7eee0d19
dzi_example/RS007_048_neottia nidus-avis_large_image_20X_z000_files/15/7_0.jpg	1283202	f1965aa47e7996fa5ab495cb1390726a449a9ccef0a26cb072770e07649c2522
dzi_example/RS007_048_neottia nidus-avis_large_image_20X_z000_files/15/7_1.jpg	714028	0d53ac6aadfc2f25488aace542e3a89d95579e2f6dcaf16552b993a3c0145e70
dzi_example/RS007_048_neottia nidus-avis_large_image_20X_z000_files/15/7_10.jpg	1020916	9022d52a804594a1946ebe66fcf4f90c9802470325d328120f3a08be0eb8542e
dzi_example/RS007_048_neottia nidus-avis_large_image_20X_z000_files/15/7_2.jpg	456299	4046a06bada7b07634469976cc06c6ad2b1c154375a490440baa634ccd7b5f8c
dzi_example/RS007_048_neottia nidus-avis_large_image_20X_z000_files/15/7_3.jpg	486227	017e776d28a1e46e0efaa41afb5d843bb99a70852675456681995c95c5997f53
dzi_example/RS007_048_neottia nidus-avis_large_image_20X_z000_files/15/7_4.jpg	649671	3c74175269564c1a23762a24f96598e89ad7d9545ce763833b1ae5eef14a1aeb
dzi_example/RS007_048_neottia nidus-avis_large_image_20X_z000_files/15/7_5.jpg	677247	6177db96df30445902cba73805ebec0921d0ea85588e46ed49f3319f20570fa6
dzi_example/RS007_048_neottia nidus-avis_large_image_20X_z000_files/15/7_6.jpg	669089	c89ab65ad3be76c20a44b32fc345308187c79307bd62bb479858d1c5f4d3db50
dzi_example/RS007_048_neottia nidus-avis_large_image_20X_z000_files/15/7_7.jpg	517127	5ff02f4c625be2e5ad876e04cb65d377f41cc19902284161e9f44bb76a010e22
dzi_example/RS007_048_neottia nidus-avis_large_image_20X_z000_files/15/7_8.jpg	432431	d10a1b9049278d7a242a986258c5750ba902a391f6a63a0eb392093fa946217f
dzi_example/RS007_048_neottia nidus-avis_large_image_20X_z000_files/15/7_9.jpg	550476	5a3d2458b1ebd1df6bdbec86bc75469fdcd629e739207df5b072a371e31f05c8
dzi_example/RS007_048_neottia nidus-avis_large_image_20X_z000_files/15/8_0.jpg	1234979	ce4de1fc343315b0d4998875fd0d70c13c40ce083410c24a99128f117bb948ac
dzi_example/RS007_048_neottia nidus-avis_large_image_20X_z000_files/15/8_1.jpg	1163329	55d29493b6d9f200f5953c36cc643c561bd8225378d3f1656f2bff7bc57ba65a
dzi_example/RS007_048_neottia nidus-avis_large_image_20X_z000_files/15/8_10.jpg	1023581	423409863876fdc2cf8530cbc8f3467fdd092bc36e36798dcedfd14bf04f5038
dzi_example/RS007_048_neottia nidus-avis_large_image_20X_z000_files/15/8_2.jpg	531027	96d5b0abe02767bfdb97f2b2b91212391fb332333b94bb6d2dbe75777ec7eb9e
dzi_example/RS007_048_neottia nidus-avis_large_image_20X_z000_files/15/8_3.jpg	459591	e1b8a949353739c58d7cc67b5fabf9e4a665bb2020804e1278553abad74ee98e
dzi_example/RS007_048_neottia nidus-avis_large_image_20X_z000_files/15/8_4.jpg	445789	35bf268973d79aa69be9f96d195e1545d69cd0bc6ff5bed92b5a6474099a1c8e
dzi_example/RS007_048_neottia nidus-avis_large_image_20X_z000_files/15/8_5.jpg	463840	503eabf7cd304b75d2ed62749c3e9d504c0b5ef37d8de6312b427aaf98468078
dzi_example/RS007_048_neottia nidus-avis_large_image_20X_z000_files/15/8_6.jpg	469790	7d7710a3fbcee04e48f538f91fd15389442cd204e551f446bdf6cf03114642aa
dzi_example/RS007_048_neottia nidus-avis_large_image_20X_z000_files/15/8_7.jpg	429117	3fd8da05224ceee943fdeecd691d9fbcf37f2d0f94e86912f6c30e2716683d14
dzi_example/RS007_048_neottia nidus-avis_large_image_20X_z000_files/15/8_8.jpg	438757	8de3fd12c8028083c6130e2f8c0a43f6a4d3cd53236245571979d5b37eb65e38
dzi_example/RS007_048_neottia nidus-avis_large_image_20X_z000_files/15/8_9.jpg	952711	6db95be93af78de0da4674203fcb336521d4fc4d0046cb8ddf1ab6f68df7e97d
dzi_example/RS007_048_neottia nidus-avis_large_image_20X_z000_files/15/9_0.jpg	1143412	28e5e4f87e9be7714e2775546df404e17267beb5a517561c6d937c7e0acf44e1
dzi_example/RS007_048_neottia nidus-avis_large_image_20X_z000_files/15/9_1.jpg	1222605	9b5590c3586f36b740946d3e02d60625c6c12fe8a679d9357f7573c9850577c3
dzi_example/RS007_048_neottia nidus-avis_large_image_20X_z000_files/15/9_10.jpg	982891	9dc9c06aff3833171837717b3a94e780eead4d1052607984a5555187c887620c
dzi_example/RS007_048_neottia nidus-avis_large_image_20X_z000_files/15/9_2.jpg	1166240	8f48af69633cc168915b318454d37a91d6339b689efe1f59dd65901a1a361160
dzi_example/RS007_048_neottia nidus-avis_large_image_20X_z000_files/15/9_3.jpg	785780	ef5f12d4bcd9fe146a3988a6103a35685922ff23ddd3fbc9be0fdcd1f9d9e2fd
dzi_example/RS007_048_neottia nidus-avis_large_image_20X_z000_files/15/9_4.jpg	487050	aa025cac0aef1fc3501449acc0ce56df1fe80b7b86bfeb7a85a63df4fdb8db37
dzi_example/RS007_048_neottia nidus-avis_large_image_20X_z000_files/15/9_5.jpg	450309	2d349ef505d517f0537b08e940f94034931cabe117f3183f67ee6ee3c25bdce7
dzi_example/RS007_048_neottia nidus-avis_large_image_20X_z000_files/15/9_6.jpg	445200	e98de113fb5c1dd6f7d1d715d20ad1bf25f77a490694d0493362d1010ba0d987
dzi_example/RS007_048_neottia nidus-avis_large_image_20X_z000_files/15/9_7.jpg	586633	cfd384b9e09916168c9baa5b30942f0dcb0da3b05302d3f5c03de43db556a824
dzi_example/RS007_048_neottia nidus-avis_large_image_20X_z000_files/15/9_8.jpg	975364	08c505cb5a82a122d9f7d0de63eb5b51c80abf83e435a1cb86008924ab98c795
dzi_example/RS007_048_neottia nidus-avis_large_image_20X_z000_files/15/9_9.jpg	1177360	0bc0aa067202f5b3f6521c3ae689d53c8336a037d613646dfa01328cf25ac539
dzi_example/RS007_048_neottia nidus-avis_large_image_20X_z000_files/16/0_0.jpg	977689	050cd9450ce2a9a2ad2c339ec6c973041d189df8b3cbd23aef8064fc42bcb010
dzi_example/RS007_048_neottia nidus-avis_large_image_20X_z000_files/16/0_1.jpg	975865	77834c4861bf4ef303fd85f1527010d32ada05e31b06864ecaac0d4c56ead7b6
dzi_example/RS007_048_neottia nidus-avis_large_image_20X_z000_files/16/0_10.jpg	1103322	c1a4c7d6c13862a985005b4c263945efae044864ca3983447c137b737ab6a3f2
dzi_example/RS007_048_neottia nidus-avis_large_image_20X_z000_files/16/0_11.jpg	1128764	099e0acb397f643b31a24dd292c97bee092424e3fdd787c4105119d80b1e0209
dzi_example/RS007_048_neottia nidus-avis_large_image_20X_z000_files/16/0_12.jpg	1152064	3c067b007be989e24fcda7f5be2c88f121cf9d5d3509ac8324699052f80ec992
dzi_example/RS007_048_neottia nidus-avis_large_image_20X_z000_files/16/0_13.jpg	1181230	279ab6faddf7a1dd764a6dadd555b7368ab0df17322bdda69db45cd358daec29
dzi_example/RS007_048_neottia nidus-avis_large_image_20X_z000_files/16/0_14.jpg	1214919	cd9ad2c80ecc03994a287c270750c75555a2954450f486818a4b018853814ee0
dzi_example/RS007_048_neottia nidus-avis_large_image_20X_z000_files/16/0_15.jpg	1246871	cf4570baffcdda8738abc404724091e19314611e2c71577493ea335b173259a0
dzi_example/RS007_048_neottia nidus-avis_large_image_20X_z000_files/16/0_16.jpg	1254044	67ac41725c4a5b031fa448b932d427e504be21680477b84a1d065aea18ef9980
dzi_example/RS007_048_neottia nidus-avis_large_image_20X_z000_files/16/0_17.jpg	1259973	8e7860c842f5657912762b4a25143ae4b9119afcf212e298a42f511da0985867
dzi_example/RS007_048_neottia nidus-avis_large_image_20X_z000_files/16/0_18.jpg	1283701	d45b539541f4d833d774032492b2862e2374583413a75f5fcdb78e1e30d5078b
dzi_example/RS007_048_neottia nidus-avis_large_image_20X_z000_files/16/0_19.jpg	1309875	b07846d42310d28b6c02c11e1f37ebdd836c7b10998688af71b9dcad5a9c6414
dzi_example/RS007_048_neottia nidus-avis_large_image_20X_z000_files/16/0_2.jpg	996443	915f9ce11fcd5827bd1a185997ee37b2e624c3d4cd00aa243a9b0bf641ec4f0c
dzi_example/RS007_048_neottia nidus-avis_large_image_20X_z000_files/16/0_20.jpg	1303891	7c7cc43cf80e5c201fd46f609bd7d86aa4398bb595af218f3eb8848de3caa0df
dzi_example/RS007_048_neottia nidus-avis_large_image_20X_z000_files/16/0_21.jpg	662494	c81e9f97b8457fcc9f4c888ff3019603bd124fd53ccb91aaa08cbe89ed1f4651
dzi_example/RS007_048_neottia nidus-avis_large_image_20X_z000_files/16/0_3.jpg	1008056	281711e2ed472018f5f6ab2f4fa0ceda0f2339b26b123b34b882b85f4c6580ab
dzi_example/RS007_048_neottia nidus-avis_large_image_20X_z000_files/16/0_4.jpg	1014375	fb8d5d12ac1ad01aecacf00bee2ac3ca09ae3117a4b994b839c0ac24dd8b5d33
dzi_example/RS007_048_neottia nidus-avis_large_image_20X_z000_files/16/0_5.jpg	1023697	d2256d5f1c867941d122028fab05e0da36fa21bfcf46813d225b00e4281c8096
dzi_example/RS007_048_neottia nidus-avis_large_image_20X_z000_files/16/0_6.jpg	1045652	45fb3b06ed365911897a5545753490d9e63e55e30bfb3c78a078afef4ca1e02f
dzi_example/RS007_048_neottia nidus-avis_large_image_20X_z000_files/16/0_7.jpg	1069240	76a0eb15c984f9404f84c9777c03c924630ff8865c1558f7c93d4d9622677aeb
dzi_example/RS007_048_neottia nidus-avis_large_image_20X_z000_files/16/0_8.jpg	1080329	ebb316d8ba7a9b2530975eaa8a4d194cb7f7076b7d27911a4d90c00b4c7c5996
dzi_example/RS007_048_neottia nidus-avis_large_image_20X_z000_files/16/0_9.jpg	1086911	595935605e43eda4a7738ecfcd814c4e02e0c273bfd5f0bb67884d19b2d6d692
dzi_example/RS007_048_neottia nidus-avis_large_image_20X_z000_files/16/1_0.jpg	1244676	1944ba7ef34a9ed581f60679fbd597dedffebdab08003a7460ca0394f4e6e66c
dzi_example/RS007_048_neottia nidus-avis_large_image_20X_z000_files/16/1_1.jpg	1216011	85a9a48961852d4d443fca504e8e86af8a86e09d52eb5547f5effeb846c61934
dzi_example/RS007_048_neottia nidus-avis_large_image_20X_z000_files/16/1_10.jpg	1248809	1e3f256e659c6a7643b759d8fe4facea295e744ea7e6c003bf934ba0a514d557
dzi_example/RS007_048_neottia nidus-avis_large_image_20X_z000_files/16/1_11.jpg	1233622	cc65d09ced902bf41ecd4e5bf624f93a83891c82751c12c9193274cf00024f46
dzi_example/RS007_048_neottia nidus-avis_large_image_20X_z000_files/16/1_12.jpg	1242674	ea0dd1316fcac0e6aa737e7a74ffbfb4c750c67e1c610335c064cf6d23adf53f
dzi_example/RS007_048_neottia nidus-avis_large_image_20X_z000_files/16/1_13.jpg	1282078	ece71fed9776cdd4011375e50c4e2cc6e5dd2180e49f8ee43355c79d57d02b3b
dzi_example/RS007_048_neottia nidus-avis_large_image_20X_z000_files/16/1_14.jpg	1298451	4fb96cce71baa20c93bc6832c3fa84908f78989f409e341ad8fef6102dc7d6f1
dzi_example/RS007_048_neottia nidus-avis_large_image_20X_z000_files/16/1_15.jpg	1316746	9b5879b6f55a20c9aeaf3b6acb6c757137a9c88f962a2b6f9a5561b4d41d36ec
dzi_example/RS007_048_neottia nidus-avis_large_image_20X_z000_files/16/1_16.jpg	1319296	95223fd36f7484099f332590f81faedf5819281bc80d3b5a5c531415d902cd06
dzi_example/RS007_048_neottia nidus-avis_large_image_20X_z000_files/16/1_17.jpg	1311590	efd8799eb0ec746742bd5d4c6406f2c3dbfe3d349f0e1122a76691bb514a978b
dzi_example/RS007_048_neottia nidus-avis_large_image_20X_z000_files/16/1_18.jpg	1319041	5927adc07b8decd630f91a10399a9a5c8d6811832be35ad95530c54a45e12f06
dzi_example/RS007_048_neottia nidus-avis_large_image_20X_z000_files/16/1_19.jpg	1310688	4ceda07e237eecc2b8c71b1e02651b924fd4586775a104049678acbb33bc5264
dzi_example/RS007_048_neottia nidus-avis_large_image_20X_z000_files/16/1_2.jpg	1237252	5e66c055a98c5731b15de1ce9e6487b77bb14a8b415c704ee0ecb45ff869153e
dzi_example/RS007_048_neottia nidus-avis_large_image_20X_z000_files/16/1_20.jpg	1310893	30bf0e3525dfccf0aea3e3cbd79e67e1ab48265ba9370367a8132ee022305001
dzi_example/RS007_048_neottia nidus-avis_large_image_20X_z000_files/16/1_21.jpg	654653	f7d775566d00d4eae4657908fdd49c93f01ea7ed163836637268df8556c46c86
dzi_example/RS007_048_neottia nidus-avis_large_image_20X_z000_files/16/1_3.jpg	1240520	6c078c9b308551b8e38dc1b46739d97ef629463cb47639b96c1b1bbfadca9984
dzi_example/RS007_048_neottia nidus-avis_large_image_20X_z000_files/16/1_4.jpg	1230404	d39cfef62aab3ef96e27fef6eaadc82f34b6a06c131e44007622b6811cb72d54
dzi_example/RS007_048_neottia nidus-avis_large_image_20X_z000_files/16/1_5.jpg	1226504	9540069f4d7d494c075dc79c620e6bc694cf801b8098ed87e5a8e59f6d2313fd
dzi_example/RS007_048_neottia nidus-avis_large_image_20X_z000_files/16/1_6.jpg	1239529	6697bf1d0fb36826a68a44e908dd758aeff3360d710db0ed06fd0140649390fa
dzi_example/RS007_048_neottia nidus-avis_large_image_20X_z000_files/16/1_7.jpg	1186588	650c38cd2fa5798eb1e430d692a3580734dbed4dd50e8853dc22c806459c480d
dzi_example/RS007_048_neottia nidus-avis_large_image_20X_z000_files/16/1_8.jpg	1230885	3f6f1fd12d48104d4ffb36665e9bdeac4f1bbe7588416b64c9e5f62cedf83e41
dzi_example/RS007_048_neottia nidus-avis_large_image_20X_z000_files/16/1_9.jpg	1234772	25b6886cc4d3344f130647090515365541efe90910cbe99d6f03a53783888f5f
dzi_example/RS007_048_neottia nidus-avis_large_image_20X_z000_files/16/10_0.jpg	1126531	4354e44413c49702b33c622aeb386182d3fe57d4b72f56ac45879f0aa6978b53
dzi_example/RS007_048_neottia nidus-avis_large_image_20X_z000_files/16/10_1.jpg	857246	21c8c073acbc81e6c41767dc9efc602fcc1151066998165f0f69940b99c39bf0
dzi_example/RS007_048_neottia nidus-avis_large_image_20X_z000_files/16/10_10.jpg	812815	b545c7bb1d869a1b19a707b1f9bd49a4af2e552b8bb7c06dab414df5dc60b8d7
dzi_example/RS007_048_neottia nidus-avis_large_image_20X_z000_files/16/10_11.jpg	709294	b7e9c63bb9547368e2b8e845590c39ef3c470ae8ef36d5416b52b5ddb7970548
dzi_example/RS007_048_neottia nidus-avis_large_image_20X_z000_files/16/10_12.jpg	733515	7da0e0027221c80a4877a610b9e566be17b1ef49b6f44fd3dcc26b8fd7439961
dzi_example/RS007_048_neottia nidus-avis_large_image_20X_z000_files/16/10_13.jpg	748669	f23b64767240265eb000c88b0e20a82cf22704e5484993730564f5cbe605efca
dzi_example/RS007_048_neottia nidus-avis_large_image_20X_z000_files/16/10_14.jpg	749532	24994da3c84b5e7c2c73307fbb56ada252d92955c3829e56a90648005c37e6ff
dzi_example/RS007_048_neottia nidus-avis_large_image_20X_z000_files/16/10_15.jpg	736086	b20ac7634d6a01a1b260f484c87baae23fb717518b4defed58e181ea70e1a699
dzi_example/RS007_048_neottia nidus-avis_large_image_20X_z000_files/16/10_16.jpg	703006	cfc7225d4b1a846d21adefdf99be0bb0e204231a9f5b68fa889d572c83eca5bf
dzi_example/RS007_048_neottia nidus-avis_large_image_20X_z000_files/16/10_17.jpg	681532	27e25ecaa581688348c109cf3ce0a30d5b15403345a0ea4b24317b78e78e25fe
dzi_example/RS007_048_neottia nidus-avis_large_image_20X_z000_files/16/10_18.jpg	654627	5b1b0d5b61f693f9a43ad1e8655f24b61c519284bf18f424808eb99be2254d21
dzi_example/RS007_048_neottia nidus-avis_large_image_20X_z000_files/16/10_19.jpg	660418	723ceb547f2dac02f65164efc4d5690087b7c12830f4ef442be9b3c9fe6e6d21
dzi_example/RS007_048_neottia nidus-avis_large_image_20X_z000_files/16/10_2.jpg	682342	bb0aeb100f29435b7d68701f8cf518e256398fe7c7d7faf2a59a23dd41f8a588
dzi_example/RS007_048_neottia nidus-avis_large_image_20X_z000_files/16/10_20.jpg	887049	cf85750af0add66570411805c31ba04999312c6f2b3357d768de3347ae93c083
dzi_example/RS007_048_neottia nidus-avis_large_image_20X_z000_files/16/10_21.jpg	786770	be916792f16a683cb7eab4d5473714d755a8a1e087247c46ade9e72ade1321e8
dzi_example/RS007_048_neottia nidus-avis_large_image_20X_z000_files/16/10_3.jpg	658874	edce2a455d7dad7c0923ea8dcdca00585d7738019282059e203aa531608240d1
dzi_example/RS007_048_neottia nidus-avis_large_image_20X_z000_files/16/10_4.jpg	675553	bb16748bd2549e3a4f62a7929011d24697ce237c8fc839dbf48a6dd9afd8fd50
dzi_example/RS007_048_neottia nidus-avis_large_image_20X_z000_files/16/10_5.jpg	694137	6d76046aca3c45c760b6017362b35d41774e5709b6bad0f9c9b214ab0c81cb40
dzi_example/RS007_048_neottia nidus-avis_large_image_20X_z000_files/16/10_6.jpg	895840	cafa21fbbf1c469c4f0bc6f0cfb28e04bf658e3b6385195fa9ff6d9b37f2101d
dzi_example/RS007_048_neottia nidus-avis_large_image_20X_z000_files/16/10_7.jpg	756375	74087247aa5b086b22ba6968f39002739b07c7f73f22c7ca547ec026678c1855
dzi_example/RS007_048_neottia nidus-avis_large_image_20X_z000_files/16/10_8.jpg	781576	fd11bb683b45638ef1e0460e58c6ae34c510b76679c68333ca096ea5c8863394
dzi_example/RS007_048_neottia nidus-avis_large_image_20X_z000_files/16/10_9.jpg	819895	2a33c02661f6d96ee2353fc40a3c25d4af63d02d8ceacab2e851a0b99a2ba389
dzi_example/RS007_048_neottia nidus-avis_large_image_20X_z000_files/16/11_0.jpg	1104845	c891e0e0b4c9316b892fae97bdb350ab606cb0bee1e2846d4778a34793a707e2
dzi_example/RS007_048_neottia nidus-avis_large_image_20X_z000_files/16/11_1.jpg	982031	7ce264792b8c12ba5e86ef53920fffefb1cfeec3413fc016d0bc4df03d3b925f
dzi_example/RS007_048_neottia nidus-avis_large_image_20X_z000_files/16/11_10.jpg	798752	fc46e81a6539e57c655bf5473d6d2a9ecff39677061331e2a9659a6eef284b8f
dzi_example/RS007_048_neottia nidus-avis_large_image_20X_z000_files/16/11_11.jpg	768526	eb49ad1bdc3131e8f1e4e6241b618ee0933e5d98e1a277633e346879109f0933
dzi_example/RS007_048_neottia nidus-avis_large_image_20X_z000_files/16/11_12.jpg	752284	01bca8fbb5d7d491ba8ab428c2e95131d3206f199f2153a3995b6f851bf59afd
dzi_example/RS007_048_neottia nidus-avis_large_image_20X_z000_files/16/11_13.jpg	729959	dddb97904561630e1dde7f6a17064e831ea641cd082be6779e23825c1afb7eeb
dzi_example/RS007_048_neottia nidus-avis_large_image_20X_z000_files/16/11_14.jpg	744270	95db42f345cac243cfd2b21ea8bd6fa7741371a96188f299aca623fa6e6101d2
dzi_example/RS007_048_neottia nidus-avis_large_image_20X_z000_files/16/11_15.jpg	802860	b02a550a598b9dc38e751ef8283f53994ff551a5670e4a9915987a8865764e2a
dzi_example/RS007_048_neottia nidus-avis_large_image_20X_z000_files/16/11_16.jpg	718974	b8baae66366655955821446d7ff1d9506f6129ffbc51b88eb1f01cf49f4614d0
dzi_example/RS007_048_neottia nidus-avis_large_image_20X_z000_files/16/11_17.jpg	665190	c0fd226b01bc4a2586c08ddea8415e6f3234c349812b6af840eaa976447d31f3
dzi_example/RS007_048_neottia nidus-avis_large_image_20X_z000_files/16/11_18.jpg	656356	40dfd0a3307a02522b944efef67a349ffa23500e9d28f6a230c8d1fa92a5adf5
dzi_example/RS007_048_neottia nidus-avis_large_image_20X_z000_files/16/11_19.jpg	662012	22899be33e56521f60fb9bbed5d45368ac866ef59997cee4179b05a167399e21
dzi_example/RS007_048_neottia nidus-avis_large_image_20X_z000_files/16/11_2.jpg	667636	66a0820c70b82ba423ba6c2131a9ed345aad667ff4269638ae410aeebbdb71a6
dzi_example/RS007_048_neottia nidus-avis_large_image_20X_z000_files/16/11_20.jpg	850460	ea17938f4cd2add56be1f6a9f9f4c45387b2ecd04c1fa23ffb6146cb233f4fb1
dzi_example/RS007_048_neottia nidus-avis_large_image_20X_z000_files/16/11_21.jpg	790133	5b449e4f211bf94b49a4d7dfbeb6fbde99d8258262486a923b19ce79a6b9e520
dzi_example/RS007_048_neottia nidus-avis_large_image_20X_z000_files/16/11_3.jpg	671036	cea690b18e4af7be6d7fcd1df151e3e0056f07cad6f40a0daed8755be151b721
dzi_example/RS007_048_neottia nidus-avis_large_image_20X_z000_files/16/11_4.jpg	658443	6ab24da0775c5f2331c7c9ead127119d3bd63b9377d38146024dc599d9c6715d
dzi_example/RS007_048_neottia nidus-avis_large_image_20X_z000_files/16/11_5.jpg	660240	06c95c2d5532a39c02f8cad19c2eb60298f1cd72a0dcbd2b819813ff875b7a8c
dzi_example/RS007_048_neottia nidus-avis_large_image_20X_z000_files/16/11_6.jpg	837033	b3b03bb6690aba1a775c31def3fe4ef40fd2418f12e95630e8817392eb7c37ee
dzi_example/RS007_048_neottia nidus-avis_large_image_20X_z000_files/16/11_7.jpg	796131	82acbb7d97d5c014f85da59953b6f0f14b46dcaf20af0e470a32656b059a9575
dzi_example/RS007_048_neottia nidus-avis_large_image_20X_z000_files/16/11_8.jpg	764345	209531f2994a4cb1af60aa9d0f9aa917627f56bec8390e88b2697635832aaceb
dzi_example/RS007_048_neottia nidus-avis_large_image_20X_z000_files/16/11_9.jpg	739765	81ef801bda39d73412beb7fd841a782e6cf03c6e200c4392fecaa9801b362871
dzi_example/RS007_048_neottia nidus-avis_large_image_20X_z000_files/16/12_0.jpg	1061669	0a5151847a7d03553b8e61846e8f4480c1079dc501d398c2c119346dd74e0040
dzi_example/RS007_048_neottia nidus-avis_large_image_20X_z000_files/16/12_1.jpg	1106020	f40bc170194825ca5672afe454fe39399480974ee5f9eec6045781d0987cfaf0
dzi_example/RS007_048_neottia nidus-avis_large_image_20X_z000_files/16/12_10.jpg	748330	8538f4bd7f18efa5e4a47818566229341cca1f68774c317a2b5bb2ea9f21d62d
dzi_example/RS007_048_neottia nidus-avis_large_image_20X_z000_files/16/12_11.jpg	734161	3e90cd806021c9f5b4d9f6a625c186955716f42fc44d9523e5ee83e32be378ce
dzi_example/RS007_048_neottia nidus-avis_large_image_20X_z000_files/16/12_12.jpg	699275	330b67c83175a230b091338c2e5a8be692224a327ab67a3c3bf565ead16906ec
dzi_example/RS007_048_neottia nidus-avis_large_image_20X_z000_files/16/12_13.jpg	723157	4194aaff653af569868aca5a59a734d5f2c072ab884dc6a2a98ba84815c31c80
dzi_example/RS007_048_neottia nidus-avis_large_image_20X_z000_files/16/12_14.jpg	783448	8e660a7732c305d932b90b8c9fdff050b03a3c84d8b2765b20a3adf2c7853144
dzi_example/RS007_048_neottia nidus-avis_large_image_20X_z000_files/16/12_15.jpg	775108	455ac03b953c017e79638b4a539bc13bf6e2156f541409c62f62ad7f9d940cab
dzi_example/RS007_048_neottia nidus-avis_large_image_20X_z000_files/16/12_16.jpg	727534	368dc8239302e6391f6fb5bf7c286fd81a5d79905579889d8f31c9588efeaf01
dzi_example/RS007_048_neottia nidus-avis_large_image_20X_z000_files/16/12_17.jpg	652790	9acc8a0552e902e5084046c586294e8a93b7a00291495bbb23c76f8cadc673bf
dzi_example/RS007_048_neottia nidus-avis_large_image_20X_z000_files/16/12_18.jpg	664126	8bcd124ae43e8812523d62072f5821a764da26d5dc99457363e9a4e6a1a5c0e5
dzi_example/RS007_048_neottia nidus-avis_large_image_20X_z000_files/16/12_19.jpg	656867	0ba913ae9ad106e4b1d3bc7ab0e9802714c4f533b7242662af22fd0f2ea9384d
dzi_example/RS007_048_neottia nidus-avis_large_image_20X_z000_files/16/12_2.jpg	678853	71153e047bc939ccbc8c3b8f75db2d8f825e391531a492c94dbf524e6706e367
dzi_example/RS007_048_neottia nidus-avis_large_image_20X_z000_files/16/12_20.jpg	880549	3ad6f9fc2bdf2e5ad0fe61f8e748b3cdde7dda442a482fb79cc63565c6a77b47
dzi_example/RS007_048_neottia nidus-avis_large_image_20X_z000_files/16/12_21.jpg	775457	878b8c98dad82346edce11805a153f9f9630d13372e96d2bc39d1c302fa2eceb
dzi_example/RS007_048_neottia nidus-avis_large_image_20X_z000_files/16/12_3.jpg	667395	b3184595784dc9174acb617a71055fabc232cc1fd73ad0bc3adaabda6eb7f0e6
dzi_example/RS007_048_neottia nidus-avis_large_image_20X_z000_files/16/12_4.jpg	658403	310251d3cf2798aeba76ac2414c21f0097452cb381fbc44bf72d8e44b0afa64a
dzi_example/RS007_048_neottia nidus-avis_large_image_20X_z000_files/16/12_5.jpg	659966	969c46c0feed94a8a9271bcabb8475f4b481c8b33ee5f3f4299b304213c90347
dzi_example/RS007_048_neottia nidus-avis_large_image_20X_z000_files/16/12_6.jpg	739846	ca329dde85c3b3979119211feb8df397ce89f2d09f98c691eb1129f6d16c4053
dzi_example/RS007_048_neottia nidus-avis_large_image_20X_z000_files/16/12_7.jpg	862810	9fd887b8d3999d6d27f76d7ccea42f9d9fe91317dba8481e399d37ed856b907c
dzi_example/RS007_048_neottia nidus-avis_large_image_20X_z000_files/16/12_8.jpg	856215	b7e2dbe5b90534f97cd18ef3193e6c31d06424f84028463d02111e661dc7c116
dzi_example/RS007_048_neottia nidus-avis_large_image_20X_z000_files/16/12_9.jpg	766214	09bd6bb1f964f162a05f6d871195bf9dee097076f0c30f9014e5b67a069bc133
dzi_example/RS007_048_neottia nidus-avis_large_image_20X_z000_files/16/13_0.jpg	1054727	d5518b67e1e9a2082463bf25091d0cf54426c6bd90d38ff7085610addb46f0b5
dzi_example/RS007_048_neottia nidus-avis_large_image_20X_z000_files/16/13_1.jpg	1219466	e9bc07a2f2b8328b9a6abdf5d6b4b117e8bec400a8cb23e9939db046bf3e8669
dzi_example/RS007_048_neottia nidus-avis_large_image_20X_z000_files/16/13_10.jpg	787395	4da8cdae0d8413f739446cf8ed707b4048588375202664ee90e394e367c63df2
dzi_example/RS007_048_neottia nidus-avis_large_image_20X_z000_files/16/13_11.jpg	720209	ed315f5c594e1fa3ef7c49fc2918e607b2b7bd6ed23f1b4f8ba11e9c71aa9752
dzi_example/RS007_048_neottia nidus-avis_large_image_20X_z000_files/16/13_12.jpg	668748	d0df2e0ce0e9a1abce1cfb185ec0003bdac2c43af819b7cb29574d49b1fa29ea
dzi_example/RS007_048_neottia nidus-avis_large_image_20X_z000_files/16/13_13.jpg	668665	c785ba6a09c1fe26fa2c707823ae0b8a0fe1fad4f8846e8c21237c85234c5494
dzi_example/RS007_048_neottia nidus-avis_large_image_20X_z000_files/16/13_14.jpg	771466	5bdd8302498a786e2dd88a0a7f3aab1a97bcb23c2b4da2d8c537b74a1fb08765
dzi_example/RS007_048_neottia nidus-avis_large_image_20X_z000_files/16/13_15.jpg	710195	8fde4f6ce4fe86df1de03d6033259f48e9e8f5f06c1b118f5ce99e3b6685f842
dzi_example/RS007_048_neottia nidus-avis_large_image_20X_z000_files/16/13_16.jpg	719241	ff017eaa81baea878ff8f6c54379ce2dc2cf0f82252cd451e173af2f993db15b
dzi_example/RS007_048_neottia nidus-avis_large_image_20X_z000_files/16/13_17.jpg	643694	339ba39a214fdd85389600571acfd712a8d8c5ce0f7d60c26c0e4a944caff6fd
dzi_example/RS007_048_neottia nidus-avis_large_image_20X_z000_files/16/13_18.jpg	641311	1ba66d2f6ff53a7f661082a53aa67a31a5a453249e8b973024d908c857836384
dzi_example/RS007_048_neottia nidus-avis_large_image_20X_z000_files/16/13_19.jpg	650991	ad9a9b455f58e8a6fbdb6408f441a6e1d0943b2f785637cdece7e208573d9d5f
dzi_example/RS007_048_neottia nidus-avis_large_image_20X_z000_files/16/13_2.jpg	676175	7b9bd63d7dc872c8619210907a175a4a834744dd1345a6522566b3cc210f2fe4
dzi_example/RS007_048_neottia nidus-avis_large_image_20X_z000_files/16/13_20.jpg	968635	20e590cba8a2a5257077fdb63660df01c4549f479dc2607da08ab867baa09ad4
dzi_example/RS007_048_neottia nidus-avis_large_image_20X_z000_files/16/13_21.jpg	763714	f16d50c83511e87037e681d31545b055990a8220e5e0fa11c379747f750ebb6c
dzi_example/RS007_048_neottia nidus-avis_large_image_20X_z000_files/16/13_3.jpg	666767	95551c516f3279b5b490f372210f955ccbc9dda7ae7f3eb8e152a85be6c6c8d3
dzi_example/RS007_048_neottia nidus-avis_large_image_20X_z000_files/16/13_4.jpg	653878	c7ebd7cf6ec1a53fd4ae8fb66af6320103fdfd5191f8292414f6a23b1040c57e
dzi_example/RS007_048_neottia nidus-avis_large_image_20X_z000_files/16/13_5.jpg	668335	be24b61f247969296b450f02b791ae75249c78b3afc1d267b1b9479c9d71b079
dzi_example/RS007_048_neottia nidus-avis_large_image_20X_z000_files/16/13_6.jpg	726774	2543ff0a6df0ac0a3f594396fde4662367fa97cda09e2b27b1cad5f9982369e3
dzi_example/RS007_048_neottia nidus-avis_large_image_20X_z000_files/16/13_7.jpg	906126	82a3be67c8c2c25f777bc50e043d828a52c228f368fba8aaa2c3dd697b80ef7c
dzi_example/RS007_048_neottia nidus-avis_large_image_20X_z000_files/16/13_8.jpg	828354	2ef0a80ad2bb4632b4702f86cb6589695659c92eb41dea4efe8e527c86aab866
dzi_example/RS007_048_neottia nidus-avis_large_image_20X_z000_files/16/13_9.jpg	889107	49d46dea5070aa13661a64d2fe569ce9837e5736419854aae9e02378f6ab5fbe
dzi_example/RS007_048_neottia nidus-avis_large_image_20X_z000_files/16/14_0.jpg	1072426	a41b347a695fb826507961ef6c81c8d1320d76a1418d7b82219f58805f4f31b9
dzi_example/RS007_048_neottia nidus-avis_large_image_20X_z000_files/16/14_1.jpg	1275152	82e64ad917e3bb45d6a016c183a481009c1c918ab9d32901909e2421e49e0eb9
dzi_example/RS007_048_neottia nidus-avis_large_image_20X_z000_files/16/14_10.jpg	862245	725c926192a3713666a4b8e5a080597750412922b6bedbf940e6d141f6e89934
dzi_example/RS007_048_neottia nidus-avis_large_image_20X_z000_files/16/14_11.jpg	778710	476396b22f7ffab2ddb57fab8dfbce23681382e9c865db5fa424120ee92127d8
dzi_example/RS007_048_neottia nidus-avis_large_image_20X_z000_files/16/14_12.jpg	731474	c26907b929c7771309b4b07ecac76b4b2f29e11f91019665a8f13eff6931d82f
dzi_example/RS007_048_neottia nidus-avis_large_image_20X_z000_files/16/14_13.jpg	784928	b5e0f05b03c5321e43041a7d292b55532cefa3b3ec0621e8211e81f52bb28931
dzi_example/RS007_048_neottia nidus-avis_large_image_20X_z000_files/16/14_14.jpg	731304	5e21d0acd3ee3fefcae6af63e87b8166f575ab1552cb4acd4681d5c66bdfecbe
dzi_example/RS007_048_neottia nidus-avis_large_image_20X_z000_files/16/14_15.jpg	757117	b8ab89536569941a6d669d71791c666a878cb86bc7f6c7b42f8354f9650262c0
dzi_example/RS007_048_neottia nidus-avis_large_image_20X_z000_files/16/14_16.jpg	679094	e968badcccb6edf12b413c6c6bec873fe1de55fb375e189fc43142d3f5b213bd
dzi_example/RS007_048_neottia nidus-avis_large_image_20X_z000_files/16/14_17.jpg	658775	fe70e987102f027052f32879f7916c5c9df9cb8aba7a00b0f2d704ae2f037537
dzi_example/RS007_048_neottia nidus-avis_large_image_20X_z000_files/16/14_18.jpg	640239	3683867b25ab4e6819d10453c01a970ddcc79d0f5ac09260509049775bf9797f
dzi_example/RS007_048_neottia nidus-avis_large_image_20X_z000_files/16/14_19.jpg	683797	d682c4b058c166a3e2945cc692c956e417b1b2e62afe6c7f7cf5a7704dd0c216
dzi_example/RS007_048_neottia nidus-avis_large_image_20X_z000_files/16/14_2.jpg	854709	982caf64262d7ac937348ab697a6419fbc3cc7ed305cfc9e718938c188d002e0
dzi_example/RS007_048_neottia nidus-avis_large_image_20X_z000_files/16/14_20.jpg	1122849	0647cad51e8c056cd791e3dfc0fca292ef3930ed5bcfebf8374038ac5e1792a0
dzi_example/RS007_048_neottia nidus-avis_large_image_20X_z000_files/16/14_21.jpg	761680	7d2aaf0a81070c6d3a28a303010da3eaaa06fce528e236513b0db8a8c153679b
dzi_example/RS007_048_neottia nidus-avis_large_image_20X_z000_files/16/14_3.jpg	672186	330c256fd893b257adfa1bcc059e5bc3997cfa5dc322a4ccc2cddd82fd5d8e37
dzi_example/RS007_048_neottia nidus-avis_large_image_20X_z000_files/16/14_4.jpg	666757	98a225d6a1fcee1ef09ce6d1f43d9f1fc018f2a544293781a42e0953700664ea
dzi_example/RS007_048_neottia nidus-avis_large_image_20X_z000_files/16/14_5.jpg	661389	b994678c8d45bdb46fad94c2e92497b51e9da707cc000f656c182a0c734d10ba
dzi_example/RS007_048_neottia nidus-avis_large_image_20X_z000_files/16/14_6.jpg	673472	6476ef955eab40698b50247c74981e4b7615114c3578db13d6142ba97b54be5f
dzi_example/RS007_048_neottia nidus-avis_large_image_20X_z000_files/16/14_7.jpg	777005	62b2e988de1c6c9e6a726306576efb999a30c6f7645840421a314069c145d1d5
dzi_example/RS007_048_neottia nidus-avis_large_image_20X_z000_files/16/14_8.jpg	901600	d12e22e66533fd90cfe08cb61279d9f562c9c08c2f4ea98a07ba9e9dc0537bac
dzi_example/RS007_048_neottia nidus-avis_large_image_20X_z000_files/16/14_9.jpg	802110	315c1e9e5fca755d904dfd622ec25d992252f71b1334b95b8a9b6363eca65938
dzi_example/RS007_048_neottia nidus-avis_large_image_20X_z000_files/16/15_0.jpg	1055818	e020a2cb52c64360fa34f023f8b8c22b885ae579301166da06ab3a3afa571280
dzi_example/RS007_048_neottia nidus-avis_large_image_20X_z000_files/16/15_1.jpg	1277077	e6541e0f39cc82132b6cb3ecde74100b1bf273bb3bfebb59400dc12b7c7fced1
dzi_example/RS007_048_neottia nidus-avis_large_image_20X_z000_files/16/15_10.jpg	841952	2828e8356c84a64c5f4dd597b0dc88f42d885a95b30e1927ea862c2ee79bfc2b
dzi_example/RS007_048_neottia nidus-avis_large_image_20X_z000_files/16/15_11.jpg	809979	613b93eb4642363b04b7c668640ebe66da49642f5b4e83a25c9f05c09a8ecf36
dzi_example/RS007_048_neottia nidus-avis_large_image_20X_z000_files/16/15_12.jpg	927809	63fd1c2758d4378a46fe3f8724151c61055f3d9212366d1e69bfd936a0a99656
dzi_example/RS007_048_neottia nidus-avis_large_image_20X_z000_files/16/15_13.jpg	834594	a7329c2bfec7efc96d08b4851524d81c148ddce72c86a94d260dc5b123b3d546
dzi_example/RS007_048_neottia nidus-avis_large_image_20X_z000_files/16/15_14.jpg	703460	b008c7230e16ebd6213f66109f70278554d09327f2b2920229422f30f42df1c9
dzi_example/RS007_048_neottia nidus-avis_large_image_20X_z000_files/16/15_15.jpg	685931	e3f72b6033534908a3977ce2d8a854f722975ef811666d25168cdfc13e37dda1
dzi_example/RS007_048_neottia nidus-avis_large_image_20X_z000_files/16/15_16.jpg	662233	5dd1356b96e27bcd705f5efd2566ab9a0c2283804a50495cd36176e91519ff0d
dzi_example/RS007_048_neottia nidus-avis_large_image_20X_z000_files/16/15_17.jpg	650897	67027595c156b0f204fca29f0c8a1608b754940c4fe79d5d49e7428dafdd211a
dzi_example/RS007_048_neottia nidus-avis_large_image_20X_z000_files/16/15_18.jpg	645879	ef4edbed15bba723a3c6724ca04ce93a69ccbfaa34e901ad9489b845648f18ff
dzi_example/RS007_048_neottia nidus-avis_large_image_20X_z000_files/16/15_19.jpg	884289	35493646136edf8937e1bc052905ba63e3578fddd4c5e98bf56a990f5ba4cfb6
dzi_example/RS007_048_neottia nidus-avis_large_image_20X_z000_files/16/15_2.jpg	1109285	8d075fcfb8e59142379e0d7858807b3562eeae17852dc1f671dd117affb86e82
dzi_example/RS007_048_neottia nidus-avis_large_image_20X_z000_files/16/15_20.jpg	1144685	5c9947f0ab283d97f8d57e48cbfec5ffc694aadbd46543c48d8788da1e0f9809
dzi_example/RS007_048_neottia nidus-avis_large_image_20X_z000_files/16/15_21.jpg	765724	2ed88859c4fb31d6178e0423c5b840ee0f39f7ec7c2b6cee9d701dc2f473d62b
dzi_example/RS007_048_neottia nidus-avis_large_image_20X_z000_files/16/15_3.jpg	677873	87e4fda625a3ceb973a777b84abfea487c44e74ed2cb1e68db19571ee4d8dcc3
dzi_example/RS007_048_neottia nidus-avis_large_image_20X_z000_files/16/15_4.jpg	658210	3f0e6ee1d3fd331ddf62227df21f323c5c204385187e6fa6ce9467cda1a82f8c
dzi_example/RS007_048_neottia nidus-avis_large_image_20X_z000_files/16/15_5.jpg	662618	8af500748d8b23ba8ebb31c2b8c3a8affa234d4ed1b8ed506abd8a66aead306d
dzi_example/RS007_048_neottia nidus-avis_large_image_20X_z000_files/16/15_6.jpg	659513	58eca71fedcbd99d6a59fd8a640e812081a0bed7c4a9be855836ea90471028ea
dzi_example/RS007_048_neottia nidus-avis_large_image_20X_z000_files/16/15_7.jpg	669706	a07bb3665dacae9c692e758ded3fa27fa9fbd906a15134081418c91177a72359
dzi_example/RS007_048_neottia nidus-avis_large_image_20X_z000_files/16/15_8.jpg	677833	11fafd5129419a4ba1c8746448a4a588768865db2de4174d0b34f123121faa34
dzi_example/RS007_048_neottia nidus-avis_large_image_20X_z000_files/16/15_9.jpg	836702	8a37c3b7335f14186a5a1bc07cb6eab898f5742c4d17a2cc0afd7c6896169f06
dzi_example/RS007_048_neottia nidus-avis_large_image_20X_z000_files/16/16_0.jpg	1015437	c7b5117218fe47f7b648833835d78245cfe4cd2037f502f218e68eb5eda82366
dzi_example/RS007_048_neottia nidus-avis_large_image_20X_z000_files/16/16_1.jpg	1242536	34d547b486fde5b12bb85523d7feaf0f20a234ea7559c339555a8980ba6076fc
dzi_example/RS007_048_neottia nidus-avis_large_image_20X_z000_files/16/16_10.jpg	700860	ae4e09468170b8e0e8cba5eac7e280ac1b0d3f3a12d71c9fab54f36d3aa6f109
dzi_example/RS007_048_neottia nidus-avis_large_image_20X_z000_files/16/16_11.jpg	712392	17df5a6263538991259362b2f3a1522a4f2135856d00bf4a39a533cc85ea0123
dzi_example/RS007_048_neottia nidus-avis_large_image_20X_z000_files/16/16_12.jpg	743759	670c738e5d20a95bde2e37c3a995963201baabaeb8de7c62ec15acc98f764271
dzi_example/RS007_048_neottia nidus-avis_large_image_20X_z000_files/16/16_13.jpg	641335	5eb405e98ac5027434b932f17a7f58eeb05f1ebd65a85e1502ccab43ac0b7600
dzi_example/RS007_048_neottia nidus-avis_large_image_20X_z000_files/16/16_14.jpg	692309	18b0fd564c959903c302d9861b834398cbd753c223e69e069a40459f36af491d
dzi_example/RS007_048_neottia nidus-avis_large_image_20X_z000_files/16/16_15.jpg	664991	3e8c5506dd03483b2da94bc5e9f5f0d9b99b77e8eb5845b042f920e6511a9e3d
dzi_example/RS007_048_neottia nidus-avis_large_image_20X_z000_files/16/16_16.jpg	656446	ae9c5ec6099c0bb970d9899b14839efddc8675b8541d317b2fa1fedb5013d0a9
dzi_example/RS007_048_neottia nidus-avis_large_image_20X_z000_files/16/16_17.jpg	646301	7a73ddfcbecfeca216451d47da5a983e887935bc841886a0ed3d1a7753734acd
dzi_example/RS007_048_neottia nidus-avis_large_image_20X_z000_files/16/16_18.jpg	660581	e0310d9bf5b95fbc7d0376868ed347cbfe954adce4f9829873b68f014da3c0dd
dzi_example/RS007_048_neottia nidus-avis_large_image_20X_z000_files/16/16_19.jpg	1096038	10dff98a177cacbd8762362e388e59d4162416d4c391b4856cfc30db170984a9
dzi_example/RS007_048_neottia nidus-avis_large_image_20X_z000_files/16/16_2.jpg	1245400	d9d32ddba284d94d3115d5575e56aa13fa798ec3871ba5a041af94525127a141
dzi_example/RS007_048_neottia nidus-avis_large_image_20X_z000_files/16/16_20.jpg	1134667	7f1a05b672c7ac15a5b1e953867bb6fe1a584db51b6c75f549ea8816e172f14c
dzi_example/RS007_048_neottia nidus-avis_large_image_20X_z000_files/16/16_21.jpg	765065	483751d5f37cbc3b9eef7863a7ee2189af01df78881563d4502b2242b31a3cb5
dzi_example/RS007_048_neottia nidus-avis_large_image_20X_z000_files/16/16_3.jpg	816407	02a2cb9573725e3c2c741ac1f6f5105ecaf42f82f2aadf39c50bcb471bdd210f
dzi_example/RS007_048_neottia nidus-avis_large_image_20X_z000_files/16/16_4.jpg	672242	55e5fc32493ec8f2ddfc221673582436efcbcf3baceda3c834246082d301a219
dzi_example/RS007_048_neottia nidus-avis_large_image_20X_z000_files/16/16_5.jpg	654321	a4af557bc07eb75ae547de3076b6630d6c70fab191bf80573cbc52750e411090
dzi_example/RS007_048_neottia nidus-avis_large_image_20X_z000_files/16/16_6.jpg	672001	4783f3d647e96b307d76554934f2d3f3a260e12b2db09851ef916e85fb097d70
dzi_example/RS007_048_neottia nidus-avis_large_image_20X_z000_files/16/16_7.jpg	665364	920245852132ac0aea513858348a14a6d977aa511c41964fea9d4bc1fb764f39
dzi_example/RS007_048_neottia nidus-avis_large_image_20X_z000_files/16/16_8.jpg	667269	544547e5662ab70f95f156590002a86a78cbce4805111ab1cd7adc81745aebbb
dzi_example/RS007_048_neottia nidus-avis_large_image_20X_z000_files/16/16_9.jpg	685583	3d45c9450f2fce3f418e0a1aac058051ecb087fe202b74b4bc79da5719632785
dzi_example/RS007_048_neottia nidus-avis_large_image_20X_z000_files/16/17_0.jpg	964997	49e416a3602b27fed05eb04c1ef803802fc75eaee19682c4f079696fa0c84333
dzi_example/RS007_048_neottia nidus-avis_large_image_20X_z000_files/16/17_1.jpg	1208578	08a93056f95967979039ddc719ee0fd5d5e885469e8d88de268d5020ab841fde
dzi_example/RS007_048_neottia nidus-avis_large_image_20X_z000_files/16/17_10.jpg	649296	b32ab94b9b5f0be3d0f5b8cf868da22e3b378fb57cf45af872961cc0f9af6a97
dzi_example/RS007_048_neottia nidus-avis_large_image_20X_z000_files/16/17_11.jpg	661072	262bc1512be832766e75269ae9c7aefc74300ea2666b1dfb0853c94c5963853f
dzi_example/RS007_048_neottia nidus-avis_large_image_20X_z000_files/16/17_12.jpg	688098	5fc68667b49bba8da5abc84ee7f5f38bd9306893151021eb7873bee6e79ee622
dzi_example/RS007_048_neottia nidus-avis_large_image_20X_z000_files/16/17_13.jpg	678036	576b4321b22f99846941b6d8283ef995aacea1f30e060447d831c153582f9ec1
dzi_example/RS007_048_neottia nidus-avis_large_image_20X_z000_files/16/17_14.jpg	667383	1236596a346d9d5c2a1405f9ad232c3fa2d59dce7daba72195fdaf31eba8c37b
dzi_example/RS007_048_neottia nidus-avis_large_image_20X_z000_files/16/17_15.jpg	645022	b1f55fa542f72b049383502373afdbbde1e4dab4f360d3904adbf54310f29a86
dzi_example/RS007_048_neottia nidus-avis_large_image_20X_z000_files/16/17_16.jpg	646988	4955170d2277a8e71833c547f1652585529568236b2d58bcce4eeac7a9958775
dzi_example/RS007_048_neottia nidus-avis_large_image_20X_z000_files/16/17_17.jpg	667580	8de8b17dcebf01547d01a1694bbea5e9483b32e5645bc01b4efbfe5d8aa5edb8
dzi_example/RS007_048_neottia nidus-avis_large_image_20X_z000_files/16/17_18.jpg	972681	64b1e12c2070d1f513347e9678805f772f6caf55b790e2e66fab4757380abae1
dzi_example/RS007_048_neottia nidus-avis_large_image_20X_z000_files/16/17_19.jpg	1136999	de1185276bc99553dfe7180d10abbdd4a0f7a3e19a8f9c30a4b162a5887ac476
dzi_example/RS007_048_neottia nidus-avis_large_image_20X_z000_files/16/17_2.jpg	1200589	d0f39e05b832594bc528e755dfe952e052176af2e7d02e0e46d6689a8506b019
dzi_example/RS007_048_neottia nidus-avis_large_image_20X_z000_files/16/17_20.jpg	1117652	7d2d983ef455bf0de950ed70b0eedcdad7617a36fb9deb3431bd5f2a6939e3af
dzi_example/RS007_048_neottia nidus-avis_large_image_20X_z000_files/16/17_21.jpg	746714	fe6831ffe633c905c09ef055919a1164485fa6df0f4ffd06aa637616640a4426
dzi_example/RS007_048_neottia nidus-avis_large_image_20X_z000_files/16/17_3.jpg	1178903	6f88f666602f1b4c3281c6863e5bf833347ef84f1af2adfd57a81b742e2345e5
dzi_example/RS007_048_neottia nidus-avis_large_image_20X_z000_files/16/17_4.jpg	848561	28f2944467385e1624bda8086722db1a8bda147f4963194e332a625023472c56
dzi_example/RS007_048_neottia nidus-avis_large_image_20X_z000_files/16/17_5.jpg	656080	b532c78fc7fb82747537c0f5f9d397cb66a7dff9549a205d9ded1c78fb95fe4f
dzi_example/RS007_048_neottia nidus-avis_large_image_20X_z000_files/16/17_6.jpg	676379	c3e04a9e2022d691059d273743565d10688806d44d1b670582f2c17ed91acc5b
dzi_example/RS007_048_neottia nidus-avis_large_image_20X_z000_files/16/17_7.jpg	674161	19d329a8aca0a4a1a36b5203d2f3d624a71d73ae3b1ce0da454ef02919bde23b
dzi_example/RS007_048_neottia nidus-avis_large_image_20X_z000_files/16/17_8.jpg	662766	08c19a0c14de1668d067aa03c2b705d4205c2d4dc7f0ac0a246d35506c5b58b3
dzi_example/RS007_048_neottia nidus-avis_large_image_20X_z000_files/16/17_9.jpg	667643	229a22efb8f0f200cec7fbb8c3d5242335355d6bcd8fc2e11fafd63f6b0a136e
dzi_example/RS007_048_neottia nidus-avis_large_image_20X_z000_files/16/18_0.jpg	936157	41350c79fa050f063e2c91bef7e44524265bfd98f8084d1d0e75fc0bdb131dd3
dzi_example/RS007_048_neottia nidus-avis_large_image_20X_z000_files/16/18_1.jpg	1164598	eded3a1ee94f99dd8e28a83315a6d655ff1bd60afff3b82d0a65dbc15a1a2b6d
dzi_example/RS007_048_neottia nidus-avis_large_image_20X_z000_files/16/18_10.jpg	657073	f597ccf75425ecc368f093c3da5147b5201a738d43defde76802d4357a0cd98c
dzi_example/RS007_048_neottia nidus-avis_large_image_20X_z000_files/16/18_11.jpg	651813	9b07de1c5ed2715521f0c684dcb5b13fe20bbc9b1c380ca1bf4f30be272773b4
dzi_example/RS007_048_neottia nidus-avis_large_image_20X_z000_files/16/18_12.jpg	668882	78287c4de415c8954e986dfc0adf9b7594e6fa4106a94dca18fd3dc2de46db4a
dzi_example/RS007_048_neottia nidus-avis_large_image_20X_z000_files/16/18_13.jpg	653758	2390f6fb4cddb92bcec6b25c3d7e95222fece41373ef02e1ffe4884d14d0c17e
dzi_example/RS007_048_neottia nidus-avis_large_image_20X_z000_files/16/18_14.jpg	656727	3695cd52f67db6914070b34954a08b57e12455457c31b22c3945c74bfac55721
dzi_example/RS007_048_neottia nidus-avis_large_image_20X_z000_files/16/18_15.jpg	647544	4040d428b1d89aaa03cf414cb4444a91bd228933754b325b0bfd0ade790ee7e2
dzi_example/RS007_048_neottia nidus-avis_large_image_20X_z000_files/16/18_16.jpg	705802	54beeaa5a977c5d7710e1d3909b7dcaadf86378c5a09d608bbca36d0490a1ecc
dzi_example/RS007_048_neottia nidus-avis_large_image_20X_z000_files/16/18_17.jpg	1018984	d256667727bbd019c384e83bb7feb88af8a930a7fc754ea78bd5f52e8cd0d578
dzi_example/RS007_048_neottia nidus-avis_large_image_20X_z000_files/16/18_18.jpg	1111858	978a201dbbe65890e5147e7e19358a9306a75066f2f14b494d847dbb5ee3726f
dzi_example/RS007_048_neottia nidus-avis_large_image_20X_z000_files/16/18_19.jpg	1108338	d891c460411f3dcf067daaea3a3d2b3bb745fd0630d12a9f95dbe7ef7e750307
dzi_example/RS007_048_neottia nidus-avis_large_image_20X_z000_files/16/18_2.jpg	1142691	14a3d6fc80d40164c0fb2970c3a3cfae8e292dbeac775f57d752c632afb8a5eb
dzi_example/RS007_048_neottia nidus-avis_large_image_20X_z000_files/16/18_20.jpg	1085667	3c34038af2bcc9c8607446983c10d8eef0c0255b24f7153ae87b8f64477edcc1
dzi_example/RS007_048_neottia nidus-avis_large_image_20X_z000_files/16/18_21.jpg	751528	046e111c92bafc6f613c8b6b9021c7bf2dba18599a246c53d7234b22d5811396
dzi_example/RS007_048_neottia nidus-avis_large_image_20X_z000_files/16/18_3.jpg	1122333	1a77be806a783fded21e527e99492a3b43aa885a5bc6bd60c55fb8d23e66c49c
dzi_example/RS007_048_neottia nidus-avis_large_image_20X_z000_files/16/18_4.jpg	1169925	d26b74358adf7073c7b454804cf089fa8231f6a33be2f395ca64bddba4667e51
dzi_example/RS007_048_neottia nidus-avis_large_image_20X_z000_files/16/18_5.jpg	977538	525ddd700cc9e76d588eec1abd963806fb2058df27b8c26d724355d20b233ba7
dzi_example/RS007_048_neottia nidus-avis_large_image_20X_z000_files/16/18_6.jpg	715171	68bf6189ff0a139d78dbc72a4ff7428f1d112b730f090cc8f264314a00c5483b
dzi_example/RS007_048_neottia nidus-avis_large_image_20X_z000_files/16/18_7.jpg	666034	bbafb2c7366f06f87c61ed32749f74dedd70f2d00c26b1c986aaa16fa751a812
dzi_example/RS007_048_neottia nidus-avis_large_image_20X_z000_files/16/18_8.jpg	667192	0c2a97e2ee465bd86b14a604896fd82f5cb692c1423d660dda4edca6767a2090
dzi_example/RS007_048_neottia nidus-avis_large_image_20X_z000_files/16/18_9.jpg	659182	5bac7a654cb757c11d241b241980a15da09ae5096644a4a658443a15c17fc1fa
dzi_example/RS007_048_neottia nidus-avis_large_image_20X_z000_files/16/19_0.jpg	918002	89e460aaad1642c7c38ee637fa4d2dcb299fc8d438e870f7359df4d6c4a050ad
dzi_example/RS007_048_neottia nidus-avis_large_image_20X_z000_files/16/19_1.jpg	1149004	cdd630279212d75dcdbf869a43b61104d9a998d4bee6021d0915ed04b2f4f8dd
dzi_example/RS007_048_neottia nidus-avis_large_image_20X_z000_files/16/19_10.jpg	688179	679b8e9c9a4b8ce637830f14073846d6c6b27babe2f58afcd11920216c8a5d14
dzi_example/RS007_048_neottia nidus-avis_large_image_20X_z000_files/16/19_11.jpg	667761	4299054c69222b20516283e808047ea18a66e59f9112291f196f7e0427199c18
dzi_example/RS007_048_neottia nidus-avis_large_image_20X_z000_files/16/19_12.jpg	657796	968977938e1d4334d1b473eed1e7a4bb0740d5965ad4b2b0a3371683268d93e5
dzi_example/RS007_048_neottia nidus-avis_large_image_20X_z000_files/16/19_13.jpg	654772	c8646b4853f8010f8adfdb0dd683e1098e8ff8aff1a3177241ff28ecaba11c86
dzi_example/RS007_048_neottia nidus-avis_large_image_20X_z000_files/16/19_14.jpg	717179	e9266e2d97a59a79a0fa226ea1abc1079805395731f1dd08c58587cafe3d66db
dzi_example/RS007_048_neottia nidus-avis_large_image_20X_z000_files/16/19_15.jpg	948366	bf07dc7d2acc9a3c8ae4df5707d51c98ec52f8e31a7094d451aff47107ad27f7
dzi_example/RS007_048_neottia nidus-avis_large_image_20X_z000_files/16/19_16.jpg	1115030	c0c191f7d0f3862cc0a2a1d4256c985b95241f8a6752b3b6eabf1912555398ae
dzi_example/RS007_048_neottia nidus-avis_large_image_20X_z000_files/16/19_17.jpg	1099153	8b027bc2b5eabc1ff780f1885caef45df653f047140925689ccec2607779d723
dzi_example/RS007_048_neottia nidus-avis_large_image_20X_z000_files/16/19_18.jpg	1103998	2cd2e9d7450f5862ea59f568aea258cbfd578cf3dd4dd3d97bbd89cda2238352
dzi_example/RS007_048_neottia nidus-avis_large_image_20X_z000_files/16/19_19.jpg	1054131	649d0c823458239879232689d349ceb99dfb9a16aca4b4a31d8d913c81db3031
dzi_example/RS007_048_neottia nidus-avis_large_image_20X_z000_files/16/19_2.jpg	1128964	b11d06df4d7e005d47127aab64dfca9ee74a657d01171b880d8342d49c6401bf
dzi_example/RS007_048_neottia nidus-avis_large_image_20X_z000_files/16/19_20.jpg	1039379	5f6dbbc8bd60958fcebaddf75aa60c8ec615a50b64af0772e5f2d8b414b5f2ba
dzi_example/RS007_048_neottia nidus-avis_large_image_20X_z000_files/16/19_21.jpg	740489	b088c2bc1953bc317ccc656da3739d2b85a0cd4a613692281eca58237e9acfba
dzi_example/RS007_048_neottia nidus-avis_large_image_20X_z000_files/16/19_3.jpg	1115566	ded510250bda111d3dda09ade79a8104772a36077b29d53df3ab3be781b57aa0
dzi_example/RS007_048_neottia nidus-avis_large_image_20X_z000_files/16/19_4.jpg	1113615	83b2859e0fdecfd203e7d762239d56fe684a9b00c774d8fc86b6de0da88ec40e
dzi_example/RS007_048_neottia nidus-avis_large_image_20X_z000_files/16/19_5.jpg	1145724	ba6df6863a52daed8d47560ef9d91a328235266d751d6459289af8c0533fa060
dzi_example/RS007_048_neottia nidus-avis_large_image_20X_z000_files/16/19_6.jpg	1155583	4990fe16c1ecf1fb8278c3805ec5bb4c1d0ed79bae26b124bdf26146aadbe49c
dzi_example/RS007_048_neottia nidus-avis_large_image_20X_z000_files/16/19_7.jpg	945023	e63399a535468605ef5822762e2e30511da69ca80dd137044ff5e9ed4698e82f
dzi_example/RS007_048_neottia nidus-avis_large_image_20X_z000_files/16/19_8.jpg	738604	a9765cc3b8170fd23e4831e88fed706f73a398e74909e18e7a75b0f0430c256c
dzi_example/RS007_048_neottia nidus-avis_large_image_20X_z000_files/16/19_9.jpg	665599	5c4f2e428b6400658088524f029761bd6a56b2899384c956a018e442cecb8217
dzi_example/RS007_048_neottia nidus-avis_large_image_20X_z000_files/16/2_0.jpg	1236691	9a73528aab3a514f781fce7fff7696873c7dc97a5adfb017efc86ae3e7ec648d
dzi_example/RS007_048_neottia nidus-avis_large_image_20X_z000_files/16/2_1.jpg	1233452	ef2b4039ce378b9012582e3b1987007eb3046e02101e533eb231e25f45cc4e10
dzi_example/RS007_048_neottia nidus-avis_large_image_20X_z000_files/16/2_10.jpg	685369	ff53f7c9a7dbfca0dff965c7436c96b0b7f5a3edeadd839e9def861d5e32ffe8
dzi_example/RS007_048_neottia nidus-avis_large_image_20X_z000_files/16/2_11.jpg	680103	90a3b1ed631b52ded42cc117f88d9ae35e8e9476730ced6da83fc5eb284423db
dzi_example/RS007_048_neottia nidus-avis_large_image_20X_z000_files/16/2_12.jpg	685868	4c01e7819ee4de5bc9815cfceac78e3e770b0b757755ce3f0751e755ca68b812
dzi_example/RS007_048_neottia nidus-avis_large_image_20X_z000_files/16/2_13.jpg	839461	6f353ad068340467e657ace33b4e9f5db12c99567daf7a88a7a607ace305a8e6
dzi_example/RS007_048_neottia nidus-avis_large_image_20X_z000_files/16/2_14.jpg	1048540	2e2a9c847d05bfbbb5128702e194c8496a7248f7b423e989ac5da6cdaca7b5b9
dzi_example/RS007_048_neottia nidus-avis_large_image_20X_z000_files/16/2_15.jpg	1256812	8b1b4c637fcd4be44867f1dd7dd655e360f9376d20ce2a7926418416df5a5781
dzi_example/RS007_048_neottia nidus-avis_large_image_20X_z000_files/16/2_16.jpg	1322206	24b470116b1b3a5323d611664b7bc7d3879be33932e8276a35d1bb597d852aac
dzi_example/RS007_048_neottia nidus-avis_large_image_20X_z000_files/16/2_17.jpg	1302631	7d2d464a5d4eefe2988ad09ac4c34e0b5ec5b38054a879c5aec93ddafd736274
dzi_example/RS007_048_neottia nidus-avis_large_image_20X_z000_files/16/2_18.jpg	1314990	650b3e89542822278b00916b499de2c023d568db8e487f396d7b7d67d516fc8e
dzi_example/RS007_048_neottia nidus-avis_large_image_20X_z000_files/16/2_19.jpg	1311480	623bb40485f57ad42b8cccf3508876c8d138cf4cb32007d2afff3ccd6d986c86
dzi_example/RS007_048_neottia nidus-avis_large_image_20X_z000_files/16/2_2.jpg	1248262	93e9a2b5710bf6b78b84b1d00e3c5184b33977d0f369c737bc64052a26d29995
dzi_example/RS007_048_neottia nidus-avis_large_image_20X_z000_files/16/2_20.jpg	1286170	12d07dbef2b8659eee900b28addb9d548b3e3575dd9b798e7c186ff3686eb0ad
dzi_example/RS007_048_neottia nidus-avis_large_image_20X_z000_files/16/2_21.jpg	657334	90011c4643dc616534c8de41d52eff1dfbca7af84573254cf87461e41f66a71b
dzi_example/RS007_048_neottia nidus-avis_large_image_20X_z000_files/16/2_3.jpg	1241167	679bf3fedc8866d20cd9def63ee24c32e6ddab6f0b7b73640d8b79f977d37bb7
dzi_example/RS007_048_neottia nidus-avis_large_image_20X_z000_files/16/2_4.jpg	1227280	91cbcbf95303efc3a00768e7a363b15cd54b8c9c5f9d7c0829a4a090ce9e5160
dzi_example/RS007_048_neottia nidus-avis_large_image_20X_z000_files/16/2_5.jpg	1196367	0b10a052334f992879b0d85e670cde0eff14aa9cfeca67d9d3b3bef9fabb5506
dzi_example/RS007_048_neottia nidus-avis_large_image_20X_z000_files/16/2_6.jpg	995834	b586dd954afc2b8ce61477c55b81245759684e51eb899245ec5c497321da4a30
dzi_example/RS007_048_neottia nidus-avis_large_image_20X_z000_files/16/2_7.jpg	970475	cb360a9471460c990d7fb3ceb0eb4bf9993ebc38cadb32013816902f2b1d15cf
dzi_example/RS007_048_neottia nidus-avis_large_image_20X_z000_files/16/2_8.jpg	762377	9ebf12add46b3a3b268139d5523f9ccad8c722530d1fc17826ac10abd639c832
dzi_example/RS007_048_neottia nidus-avis_large_image_20X_z000_files/16/2_9.jpg	699234	6f78a1b7b52e61868da540d25626a2098cad6e4ca549ec3bcec35b5de6156fe9
dzi_example/RS007_048_neottia nidus-avis_large_image_20X_z000_files/16/20_0.jpg	906494	3583ef74a4a738bb15f7a9441eba6bf8498eb433db871c35b448002e1b08c6a2
dzi_example/RS007_048_neottia nidus-avis_large_image_20X_z000_files/16/20_1.jpg	1129889	904e408840e9f8939e4b03f4fed8d518e3d62d9c5619f4ec4e7d29263e329508
dzi_example/RS007_048_neottia nidus-avis_large_image_20X_z000_files/16/20_10.jpg	1114488	b1fc7a775e797a02d75b76ca2b6d8636f24ab3b36ca0cd60a7378f228148bb56
dzi_example/RS007_048_neottia nidus-avis_large_image_20X_z000_files/16/20_11.jpg	1017581	dfea2a9734ff7869bdb5d4ce1eff4c0352988d83ed59b25facce880516fbb3d3
dzi_example/RS007_048_neottia nidus-avis_large_image_20X_z000_files/16/20_12.jpg	953335	32ae6b2b697cb38e5cea889d9c2867d3d51c4c4e00402ed50fe9cabcd0eeef4a
dzi_example/RS007_048_neottia nidus-avis_large_image_20X_z000_files/16/20_13.jpg	1054659	f3b4e3323ef078945b1ba8ff843b759b6247d19c0d984229edac278cb4378bb8
dzi_example/RS007_048_neottia nidus-avis_large_image_20X_z000_files/16/20_14.jpg	1135721	25ac8e58e4dc7b7c6a530b1d149c3f987b780ee5a1e6cbc172aa841d34189e03
dzi_example/RS007_048_neottia nidus-avis_large_image_20X_z000_files/16/20_15.jpg	1115643	d3d728e645b038fc98ae0bea76396102c20c0a4f78f89aed8f4b4dcd86ae8aba
dzi_example/RS007_048_neottia nidus-avis_large_image_20X_z000_files/16/20_16.jpg	1123927	b5ec67bd0b2b690d81e0eb43826af528368668658eb55b2509ffc4c8baea6827
dzi_example/RS007_048_neottia nidus-avis_large_image_20X_z000_files/16/20_17.jpg	1106984	b211545cabdabd5b1f9f96435a47e91b967587c2831e6f9ef96b20ef1c232a5b
dzi_example/RS007_048_neottia nidus-avis_large_image_20X_z000_files/16/20_18.jpg	1097339	03be78347542b401adb59ba97f034418f83ffe42e8873eb883e55278432d54c6
dzi_example/RS007_048_neottia nidus-avis_large_image_20X_z000_files/16/20_19.jpg	1025448	3e32e6d1698d6642ebdec6a49e9eb206d74d6487f86afb8fe7be0935740657b4
dzi_example/RS007_048_neottia nidus-avis_large_image_20X_z000_files/16/20_2.jpg	1095095	8f2656115948037ac959798875d087eac05057c14cc2b80960374714c5d7b725
dzi_example/RS007_048_neottia nidus-avis_large_image_20X_z000_files/16/20_20.jpg	994336	80e56f05dfd3169ead6145a1583eb601c98c7e70065469db78509912090add75
dzi_example/RS007_048_neottia nidus-avis_large_image_20X_z000_files/16/20_21.jpg	708637	e46985a3ac12bfa7f24b319706759758e8bf5edd2ab87a050b3b5e2c358982be
dzi_example/RS007_048_neottia nidus-avis_large_image_20X_z000_files/16/20_3.jpg	1104456	007242d04f83c292e21869b1e5b29149a5eff9c6befde587fc0ba0fdb1d7aaf6
dzi_example/RS007_048_neottia nidus-avis_large_image_20X_z000_files/16/20_4.jpg	1110411	6d12bb3354ca1d70dbd167687aed18ccf260bb6cf674fd8c3d50ffd5c472313f
dzi_example/RS007_048_neottia nidus-avis_large_image_20X_z000_files/16/20_5.jpg	1111560	1c04658f4828553d88d23a69888fa551e76ea74b7adfc1e9c6a07bc1b275ed88
dzi_example/RS007_048_neottia nidus-avis_large_image_20X_z000_files/16/20_6.jpg	1147859	c57d08986dda7ce0b81ca3bf68976c5c21b01ba4d8a6a34a84fcabc52636df2e
dzi_example/RS007_048_neottia nidus-avis_large_image_20X_z000_files/16/20_7.jpg	1164340	274b306f0c34a6d56e1f920dade57a25a51b4ca492bcc74e8fb2f745bbaf5d97
dzi_example/RS007_048_neottia nidus-avis_large_image_20X_z000_files/16/20_8.jpg	1189579	761093cfb378ae9834dcff5f32b716a5f49d06d440352738dbd4fe0b3100e400
dzi_example/RS007_048_neottia nidus-avis_large_image_20X_z000_files/16/20_9.jpg	1132261	916e62e50a72854272e8a122018800554bf0aaeec98090a69a796515f7d49b28
dzi_example/RS007_048_neottia nidus-avis_large_image_20X_z000_files/16/21_0.jpg	374771	958a1437820d1c2dac5d73499f1173d9e159ee3991ae7204dfb00ca086faced4
dzi_example/RS007_048_neottia nidus-avis_large_image_20X_z000_files/16/21_1.jpg	471445	ae31e1f02f556d03c1c57f1f733b6eaf4a650f3d0b7f5312f3579d8452be115e
dzi_example/RS007_048_neottia nidus-avis_large_image_20X_z000_files/16/21_10.jpg	359333	96233456e290de180814af2a6622e0f9862b977e488ac10264ae5bd80dd16965
dzi_example/RS007_048_neottia nidus-avis_large_image_20X_z000_files/16/21_11.jpg	345978	d6430590c91ee467e54af9fbf6198223bf14df20e017d40c05169a3e350fb300
dzi_example/RS007_048_neottia nidus-avis_large_image_20X_z000_files/16/21_12.jpg	325609	305e554f5a28d8cf5dc22405b70eccb5511c430e941eea3431a97c1ef076333b
dzi_example/RS007_048_neottia nidus-avis_large_image_20X_z000_files/16/21_13.jpg	307666	10db4aa1db81a7015867f53bca205f0d6b7539b6419655ce7803d77a0f7d8024
dzi_example/RS007_048_neottia nidus-avis_large_image_20X_z000_files/16/21_14.jpg	301111	afb65bbc0976ba5a6fbed4e8666b016a451ae8ffa8a11e912dac6470ab321638
dzi_example/RS007_048_neottia nidus-avis_large_image_20X_z000_files/16/21_15.jpg	281130	de586cafee27050e45e002c72cf90ae86b00e1d3da8a22b486d1af8ba72163f5
dzi_example/RS007_048_neottia nidus-avis_large_image_20X_z000_files/16/21_16.jpg	269491	c214e4612370ad7f5286eb83dfbd0787cdf9b002b9173cf2fe8e0034e9cc942e
dzi_example/RS007_048_neottia nidus-avis_large_image_20X_z000_files/16/21_17.jpg	260914	3464fba82050f5131f12811b0e19d8b4c2637ac21ae4e79e6ba075be0c7a2e3c
dzi_example/RS007_048_neottia nidus-avis_large_image_20X_z000_files/16/21_18.jpg	238520	a63341da4fc76a84d639198b89f67de14771f2cc1fe1e4f28ff8f3ac8c7d309a
dzi_example/RS007_048_neottia nidus-avis_large_image_20X_z000_files/16/21_19.jpg	229311	91c387060d308bdc330d2fa5963787f4822e3e21526dedfb26ff862293022ede
dzi_example/RS007_048_neottia nidus-avis_large_image_20X_z000_files/16/21_2.jpg	445601	12636ca97fca9972e249e1918a132379fd9d74bada62b40007f7c1ef9c7f6568
dzi_example/RS007_048_neottia nidus-avis_large_image_20X_z000_files/16/21_20.jpg	220469	62c8d05930423e7ff44b6b47986bdf538e24d651188dd2ffc45cc620a5312dac
dzi_example/RS007_048_neottia nidus-avis_large_image_20X_z000_files/16/21_21.jpg	148294	ed71ff8bc4d2b2b724bcabb32343145c51e71e12b6ebccee0231fe7da5371b5f
dzi_example/RS007_048_neottia nidus-avis_large_image_20X_z000_files/16/21_3.jpg	437922	e933b15a07d62693e27daffabb0a506ad25653632765e5f9bf93e617a637c9a0
dzi_example/RS007_048_neottia nidus-avis_large_image_20X_z000_files/16/21_4.jpg	420668	684a7a9337c9ae6f46afa3860de019c55472807389252a73642bd54f20359591
dzi_example/RS007_048_neottia nidus-avis_large_image_20X_z000_files/16/21_5.jpg	407608	5931e23bf0347a7217e86039a074f48648b3917a05ab53517c0b618cbaa92322
dzi_example/RS007_048_neottia nidus-avis_large_image_20X_z000_files/16/21_6.jpg	393542	75cba2584a7f15bc46d7d3cf7c6e2336d7eac1e406d0d802cdf60cc9463f9688
dzi_example/RS007_048_neottia nidus-avis_large_image_20X_z000_files/16/21_7.jpg	388758	8b2c47b4b1c3798f93338a650a6fa38a5a17991c7719eb77b90ae06fd79fbd77
dzi_example/RS007_048_neottia nidus-avis_large_image_20X_z000_files/16/21_8.jpg	382793	2b2de05690e4f9f84bee99617e870ac9be4d4168c198027e17a5acef8ccb58a7
dzi_example/RS007_048_neottia nidus-avis_large_image_20X_z000_files/16/21_9.jpg	369928	6b7f4abcf2d61f84cd0984ea0b2f1181c793238f8c7737891f692544d9a6418f
dzi_example/RS007_048_neottia nidus-avis_large_image_20X_z000_files/16/3_0.jpg	1219787	9d74dd2f87e067bc94e9fcdb8e73cfa4c3a8e6699b90ed36b69df728b6dcbef9
dzi_example/RS007_048_neottia nidus-avis_large_image_20X_z000_files/16/3_1.jpg	1219134	161eae6dd62626f51b799a29feda11590021db8892795af6e9028f60adca5478
dzi_example/RS007_048_neottia nidus-avis_large_image_20X_z000_files/16/3_10.jpg	681683	84d60434e9a9ad8bbda523a6cf78e91bbe31b7c42ddc1955d3d687b58a00c05f
dzi_example/RS007_048_neottia nidus-avis_large_image_20X_z000_files/16/3_11.jpg	694219	b602ac2abce856bd5e15dc6c7209e67e1024c6a8ce01769eadc777488daa1292
dzi_example/RS007_048_neottia nidus-avis_large_image_20X_z000_files/16/3_12.jpg	678789	d66fa58f12df1a94f3c188b67065f2a82727378412ad8b4da544df7a2dc2625c
dzi_example/RS007_048_neottia nidus-avis_large_image_20X_z000_files/16/3_13.jpg	666087	66689489548db32a6fb2b9aa2dce005dcf7e270436ac141d64ea1c2105fa142c
dzi_example/RS007_048_neottia nidus-avis_large_image_20X_z000_files/16/3_14.jpg	677626	4aaf1d4cc79a6a8908a52bc13b1c16fb8c81970d30bb830b7dfdf269b19b53b1
dzi_example/RS007_048_neottia nidus-avis_large_image_20X_z000_files/16/3_15.jpg	702007	714851c02ea1e0d410470a83364496d7876d4760e5946b4bd3ac637a9bcb7166
dzi_example/RS007_048_neottia nidus-avis_large_image_20X_z000_files/16/3_16.jpg	889208	c6a1069d63e2cab809402ba17fabc810fb90788920a1d62add46b3a67e0f88d5
dzi_example/RS007_048_neottia nidus-avis_large_image_20X_z000_files/16/3_17.jpg	1241255	0a426699d68b438ae758701ad9db8856c56efe1c435c0da79686fa3ff6f779bf
dzi_example/RS007_048_neottia nidus-avis_large_image_20X_z000_files/16/3_18.jpg	1310077	2bb63ed9aa0b8c599f6b4924ac8937d5f6192de648801b594ec4e87e56bd8fa1
dzi_example/RS007_048_neottia nidus-avis_large_image_20X_z000_files/16/3_19.jpg	1287082	ff0579ea848a4e703af02d21ca040b7540d17444f0154f99e51c52de964d35ff
dzi_example/RS007_048_neottia nidus-avis_large_image_20X_z000_files/16/3_2.jpg	1251637	8e53e7cbde242a470dd697efae1427eed6538dbd0c7ee89e4ca0ed0354bb16a1
dzi_example/RS007_048_neottia nidus-avis_large_image_20X_z000_files/16/3_20.jpg	1267724	f54128c28eddde35aef2956e0f570f783ae5610ac5f4d4fbfd89629bca186f16
dzi_example/RS007_048_neottia nidus-avis_large_image_20X_z000_files/16/3_21.jpg	685914	db301908c7bf7f600cb84349851a0a9bc2b97307c46e2dfac629ef2cc9c257ed
dzi_example/RS007_048_neottia nidus-avis_large_image_20X_z000_files/16/3_3.jpg	1243666	ac04eb56a9afda5c043e391c1e35c96969708ac592bbd6d1929345825420a884
dzi_example/RS007_048_neottia nidus-avis_large_image_20X_z000_files/16/3_4.jpg	1222514	e0fc8aadb9ad986bd6ec94b85658e22a3a89feaa7d61a459e0bb60fadf2ad8d7
dzi_example/RS007_048_neottia nidus-avis_large_image_20X_z000_files/16/3_5.jpg	850225	861a8e0084750010b69d13e9138dafb36b80a4b24cb37d2f7a9180191c528d55
dzi_example/RS007_048_neottia nidus-avis_large_image_20X_z000_files/16/3_6.jpg	673514	439115bc0a325a635ff118771310e03f1d41968b94c9f585605e0331303ea9ab
dzi_example/RS007_048_neottia nidus-avis_large_image_20X_z000_files/16/3_7.jpg	694490	7835ff76fd8e0127bdf5d78449dede58d8c156dce10c40eb03e3338fac5d22b6
dzi_example/RS007_048_neottia nidus-avis_large_image_20X_z000_files/16/3_8.jpg	679200	91f4e66651a041e214be8a745b4b689f1914df1b405bf4c4eae70914dc3af370
dzi_example/RS007_048_neottia nidus-avis_large_image_20X_z000_files/16/3_9.jpg	684367	367b4fad5e13492229dd7e6cec99910aec86498087c011c7cf5c4734f8b7cf7a
dzi_example/RS007_048_neottia nidus-avis_large_image_20X_z000_files/16/4_0.jpg	1209507	f32c7389066143d60014da09a3932c92fb1bde02ff12021907ee19cd7bd4dbe6
dzi_example/RS007_048_neottia nidus-avis_large_image_20X_z000_files/16/4_1.jpg	1204218	864222fc6a8b45595f4d56c8c8505ec1d3a724aecfcfd71626c5a6e6977f7032
dzi_example/RS007_048_neottia nidus-avis_large_image_20X_z000_files/16/4_10.jpg	712324	93b652618814e2a3217e90f09c784ede3a7f775b815c0f1faa9d7770f696b220
dzi_example/RS007_048_neottia nidus-avis_large_image_20X_z000_files/16/4_11.jpg	741633	37f4ff02db3d9780c9ec1ba4d1d47b4d2b678779795030b24cc1ed1ea9b3daa2
dzi_example/RS007_048_neottia nidus-avis_large_image_20X_z000_files/16/4_12.jpg	701794	7ec1b857c835f652fe8eb375974ab0e998517ca92f991ee069fa3cf897a19d25
dzi_example/RS007_048_neottia nidus-avis_large_image_20X_z000_files/16/4_13.jpg	691429	04fc8978fa7f931636b6653e66779147f48b486d3248e95d5adb290424193ae8
dzi_example/RS007_048_neottia nidus-avis_large_image_20X_z000_files/16/4_14.jpg	676480	7939266d3009f6c9b397f9536050c79512136a04e7e98a1997bac4bd682a3a3d
dzi_example/RS007_048_neottia nidus-avis_large_image_20X_z000_files/16/4_15.jpg	691318	d4565381e48d5990ac6726815d4ff5780b5b39ec2ea35077542375ff611b52d0
dzi_example/RS007_048_neottia nidus-avis_large_image_20X_z000_files/16/4_16.jpg	669109	d8042d5c3a95545f165f83e3e54d7b53721f613658dd9b561191082d405b6830
dzi_example/RS007_048_neottia nidus-avis_large_image_20X_z000_files/16/4_17.jpg	768364	0d9640bc5dc5d2b634a15a9fb0ce17bf146d41b0afc5408eafff9e244e084fee
dzi_example/RS007_048_neottia nidus-avis_large_image_20X_z000_files/16/4_18.jpg	1261795	7cb448eb9d14da5c998ad6adf307b67d79d83ed81768ff7809b096494abe5fe9
dzi_example/RS007_048_neottia nidus-avis_large_image_20X_z000_files/16/4_19.jpg	1308442	82e6f569bf021863b053da8e37144f239f5bf9b57a4c0c56dca7ab97b28686b1
dzi_example/RS007_048_neottia nidus-avis_large_image_20X_z000_files/16/4_2.jpg	1235653	c666e46749b6222fc0e102e0ce3f7ca2192f53269ec50edd6d0cca3ce8820604
dzi_example/RS007_048_neottia nidus-avis_large_image_20X_z000_files/16/4_20.jpg	1291418	611ab9384ef4c5bce08efc9a65f0820220dfbaf725c3863a644b497e312d5f0a
dzi_example/RS007_048_neottia nidus-avis_large_image_20X_z000_files/16/4_21.jpg	709242	2515626e758d938cbc9c23e3c0b43883b9b066562cc364b6362e125b77f3c016
dzi_example/RS007_048_neottia nidus-avis_large_image_20X_z000_files/16/4_3.jpg	1234872	05d5659246c1001f6459c86b906b921496e4ccdeb2c68fd88ba8b9e0cd0cb337
dzi_example/RS007_048_neottia nidus-avis_large_image_20X_z000_files/16/4_4.jpg	1027789	a82b09ba1163270aaed58915a0ff8f3e7c0b9a124b1d05004ad56cad733e3e45
dzi_example/RS007_048_neottia nidus-avis_large_image_20X_z000_files/16/4_5.jpg	694688	3fa9690680d487618ff5db3ca72370004e981df52e05ac5b181a265404f7eb1d
dzi_example/RS007_048_neottia nidus-avis_large_image_20X_z000_files/16/4_6.jpg	671784	6c134fa49168b0d3270b13025f5fafef108e8367bd4798c3ac6fe8619bee4e6d
dzi_example/RS007_048_neottia nidus-avis_large_image_20X_z000_files/16/4_7.jpg	669474	46d9cd5474a946e19ea34ddc5b769e56ff16df640134fdd435c3330034644b7f
dzi_example/RS007_048_neottia nidus-avis_large_image_20X_z000_files/16/4_8.jpg	670933	300d562ab0111f41b9e97738253beccde2ff6196bd7c9df71044b4d633fc7c9a
dzi_example/RS007_048_neottia nidus-avis_large_image_20X_z000_files/16/4_9.jpg	700465	0508f493267ae1e7b5bdb1ff1eb203e84839c0492d06dd18058bebe4abfec4c2
dzi_example/RS007_048_neottia nidus-avis_large_image_20X_z000_files/16/5_0.jpg	1176638	d52f324ad8853c44ff0f7111ff0ed64fec04480abd0a613b526af3f5338fde2e
dzi_example/RS007_048_neottia nidus-avis_large_image_20X_z000_files/16/5_1.jpg	1220884	f4f3af6d92b1f42fce94fd562b50ab4b61ad36f45279610d1937fb585c79d226
dzi_example/RS007_048_neottia nidus-avis_large_image_20X_z000_files/16/5_10.jpg	830711	09ce178c20cde6eb1fa53c67f0583dd051016d99959a200cf033db0357349639
dzi_example/RS007_048_neottia nidus-avis_large_image_20X_z000_files/16/5_11.jpg	745915	f7ed27e847e2feccb598e957280f5aaf55b9dbb5bbc78e55b6de3ae9f359c0c0
dzi_example/RS007_048_neottia nidus-avis_large_image_20X_z000_files/16/5_12.jpg	742583	394e2b857daea2c757b255810803aad0e15b5f5933068863425d33720806938c
dzi_example/RS007_048_neottia nidus-avis_large_image_20X_z000_files/16/5_13.jpg	730650	09e9b40e21d8a816df973e1e623f52c6612afc8d3ec6c6144879a666749b0e0b
dzi_example/RS007_048_neottia nidus-avis_large_image_20X_z000_files/16/5_14.jpg	672358	b97234c78beb828c9fff605e46a65e36f7c538e19efd717aa168991289b3b829
dzi_example/RS007_048_neottia nidus-avis_large_image_20X_z000_files/16/5_15.jpg	674850	cb5ab4f214e0a92b6919b91b9e31d032938ba7f5d942b540eb5b137931d797da
dzi_example/RS007_048_neottia nidus-avis_large_image_20X_z000_files/16/5_16.jpg	662265	19509f157258e5e969287e51f61f2c99f5746544550675d02bd8c2ce0820ca38
dzi_example/RS007_048_neottia nidus-avis_large_image_20X_z000_files/16/5_17.jpg	678285	53a035798427feb433d967768e55354601b79ee6102d190a443f3de4e9febd8c
dzi_example/RS007_048_neottia nidus-avis_large_image_20X_z000_files/16/5_18.jpg	832669	4cc07f7d6a36ad1f793e3481b66e11c2795edad55fb19f6788aa11e5aba222a5
dzi_example/RS007_048_neottia nidus-avis_large_image_20X_z000_files/16/5_19.jpg	1314399	14d166644a232f8e95608b6dae1f2e1b369a5905f1e1cd0aaae254b22073568a
dzi_example/RS007_048_neottia nidus-avis_large_image_20X_z000_files/16/5_2.jpg	1242338	f1f2469f4d084dce3e882fef3efe17ab05964a2d62d786baf2dbe0334ea6f7d3
dzi_example/RS007_048_neottia nidus-avis_large_image_20X_z000_files/16/5_20.jpg	1295480	5669f38cf7c1d6128c5ac5382b7881674fde403a8f22a90a3d94d30cfbcaa68b
dzi_example/RS007_048_neottia nidus-avis_large_image_20X_z000_files/16/5_21.jpg	720647	db12d75a4ef0cc8aab5c5b70d1d3d298b3e5d69fb560b667d7a59b714b14981a
dzi_example/RS007_048_neottia nidus-avis_large_image_20X_z000_files/16/5_3.jpg	1037887	9331ef193131c53b7d208481614b008b82bce639e5a1bf65c2c995078c8706b0
dzi_example/RS007_048_neottia nidus-avis_large_image_20X_z000_files/16/5_4.jpg	673592	b95e33052e086c9d44523970ca409f0f7b064d32ef288a33b42f4630e9c77c3c
dzi_example/RS007_048_neottia nidus-avis_large_image_20X_z000_files/16/5_5.jpg	681540	7a8ba0e5fda5aea365edba0fe6670297c1ed36826f8e461f9cb456104228bf4a
dzi_example/RS007_048_neottia nidus-avis_large_image_20X_z000_files/16/5_6.jpg	670404	12d3ff40b0eec99a0e0b98309f1edb015accfd3725414d5212f7ba1bacf36d70
dzi_example/RS007_048_neottia nidus-avis_large_image_20X_z000_files/16/5_7.jpg	689511	5f7df322e0d33a3193428865869d46a487dfa0281e05bc8b18e4905eae571deb
dzi_example/RS007_048_neottia nidus-avis_large_image_20X_z000_files/16/5_8.jpg	739996	c66b4af28eba53370e65674fe290820d479586f8fd31f852ac2683dc69c6dd1b
dzi_example/RS007_048_neottia nidus-avis_large_image_20X_z000_files/16/5_9.jpg	747293	abd7bd3e14afcd6dfc71820965e49c2459362dd53a0f765624542143b1062402
dzi_example/RS007_048_neottia nidus-avis_large_image_20X_z000_files/16/6_0.jpg	1163526	f54eaa07ea091a046d7781b94caf51409487e90dc952d100b199f5937ef2c466
dzi_example/RS007_048_neottia nidus-avis_large_image_20X_z000_files/16/6_1.jpg	1217000	9f280743c2bb8b4f553edc364548e4371b6f9334d42f346fc30e6d80a66768f7
dzi_example/RS007_048_neottia nidus-avis_large_image_20X_z000_files/16/6_10.jpg	805415	f309af4b26f9f5c8f8417488ea3629815eb44167e3c7ccc41ab5b3db1d28105c
dzi_example/RS007_048_neottia nidus-avis_large_image_20X_z000_files/16/6_11.jpg	744777	474e8ba01db6642ec3e53993d7ab0ae298bf026b2984f541b78821d937245008
dzi_example/RS007_048_neottia nidus-avis_large_image_20X_z000_files/16/6_12.jpg	740733	5283095f0de6870f83ab12c1058cfdb1aabaa669cf9c6da3062e98655b3c49a7
dzi_example/RS007_048_neottia nidus-avis_large_image_20X_z000_files/16/6_13.jpg	696686	2a3f06eb605a2e68eaf559be6040ad9d33755612d1e2461f78be3e3049ada86b
dzi_example/RS007_048_neottia nidus-avis_large_image_20X_z000_files/16/6_14.jpg	760080	9e5704b8aaee30c322de5197f664c5a60c16d2ee2c6b8bbbee7e43a53b22e7a2
dzi_example/RS007_048_neottia nidus-avis_large_image_20X_z000_files/16/6_15.jpg	729355	3c8d55381cea5ffeb1bc27b505522c643d8447b6e9605868fd050c1c2a56af66
dzi_example/RS007_048_neottia nidus-avis_large_image_20X_z000_files/16/6_16.jpg	672488	fd46f30f2ac37ad323eec385df0a91a8a3366027bb6c9f303a663f59038be148
dzi_example/RS007_048_neottia nidus-avis_large_image_20X_z000_files/16/6_17.jpg	658129	10cd8daba3dd4787b4566853d9c1dfe752fa3ac52e22146a5d58da75e181d128
dzi_example/RS007_048_neottia nidus-avis_large_image_20X_z000_files/16/6_18.jpg	662183	3e85cc097ac851c1c4910993b3d4c7ebbdf927020a05e7da507ecfa22786bd46
dzi_example/RS007_048_neottia nidus-avis_large_image_20X_z000_files/16/6_19.jpg	1006255	394cceb9d8a4a2c2d96e95471284785b75d16ec198e67f495a97da7d38e21e3e
dzi_example/RS007_048_neottia nidus-avis_large_image_20X_z000_files/16/6_2.jpg	1202848	70184ee6f6a2c1839cadbe4fcadfa44149aa57e3118e2915a938bfa0995c8e55
dzi_example/RS007_048_neottia nidus-avis_large_image_20X_z000_files/16/6_20.jpg	1297796	b6cc53688ff3b0547bf7310b2d27488db34825f98956445e2c6741b6b18cdff6
dzi_example/RS007_048_neottia nidus-avis_large_image_20X_z000_files/16/6_21.jpg	737254	1042ccc9ee4dc0753f6ec0765c1f69061fb0677a4a5540a4ecec565e9c875754
dzi_example/RS007_048_neottia nidus-avis_large_image_20X_z000_files/16/6_3.jpg	734831	7ff5cab01a39dad1fc4683925535bd92ade473ab3d10351e00f57dd14c66fd06
dzi_example/RS007_048_neottia nidus-avis_large_image_20X_z000_files/16/6_4.jpg	665647	8cf20d299b37001b48383b372c546e96a9c52f041984311badf2f9f2aba77c58
dzi_example/RS007_048_neottia nidus-avis_large_image_20X_z000_files/16/6_5.jpg	667148	2bb9995b72cf624bcea2040beb40d41a95d32303b2be5b6f6fad02c4af4623da
dzi_example/RS007_048_neottia nidus-avis_large_image_20X_z000_files/16/6_6.jpg	685138	e89c7615ee33462c34257f2a56dd7d31d13a7ed682bfc242f8b18c3a0a18515d
dzi_example/RS007_048_neottia nidus-avis_large_image_20X_z000_files/16/6_7.jpg	701999	1132736df161f58e8952162bd678008990309cc37afdb7e6e7a51cfbb51a0a81
dzi_example/RS007_048_neottia nidus-avis_large_image_20X_z000_files/16/6_8.jpg	802668	0ff58a875623eca2600ef4e94174afe759ba08f92a704a672a2578cac4d0f363
dzi_example/RS007_048_neottia nidus-avis_large_image_20X_z000_files/16/6_9.jpg	797123	a315810a31029dd94308e1fc3a8314ba2934a25af6b63d0770b7f9879de28ed3
dzi_example/RS007_048_neottia nidus-avis_large_image_20X_z000_files/16/7_0.jpg	1149944	2068f2ee1b32b558d97b8d7d55de123bb2b06b6282bcb69a9341a2141efb0385
dzi_example/RS007_048_neottia nidus-avis_large_image_20X_z000_files/16/7_1.jpg	1229060	6572fea3774bcff20e7c51c7a91519ef6ae3ff521ac6288804dd92c46f36be26
dzi_example/RS007_048_neottia nidus-avis_large_image_20X_z000_files/16/7_10.jpg	763280	19f29846f08a426758404a6b9526632785f97ace61d2abcb4b4eec4575e4912f
dzi_example/RS007_048_neottia nidus-avis_large_image_20X_z000_files/16/7_11.jpg	809770	14cdd4ce07f6e7c349d4cfb18ac2802128d684359dd3642595b4040891d8d219
dzi_example/RS007_048_neottia nidus-avis_large_image_20X_z000_files/16/7_12.jpg	828705	774c210db4718465c0068068b7b3cef3fff84e842a037eafabb4220509e9e501
dzi_example/RS007_048_neottia nidus-avis_large_image_20X_z000_files/16/7_13.jpg	738493	f86248597d989de1bd5d9b46213b145fa037a9d279a4de381d9c6a1fa6375301
dzi_example/RS007_048_neottia nidus-avis_large_image_20X_z000_files/16/7_14.jpg	752753	8e0a8025b91ca41c1fd51349cb87d8e3a079615ebce5b1e7be86206292bedd76
dzi_example/RS007_048_neottia nidus-avis_large_image_20X_z000_files/16/7_15.jpg	756651	d9428b5c5bd9c825a28011877b43eaf4676be16d2a8236eca45a0baadf635aff
dzi_example/RS007_048_neottia nidus-avis_large_image_20X_z000_files/16/7_16.jpg	665391	826af04d0e5a7e2a184acef1446568500c2863b07997f50e30ae1ba458946da0
dzi_example/RS007_048_neottia nidus-avis_large_image_20X_z000_files/16/7_17.jpg	656049	229a9879b276de1a63f6527fbb82ab58031baeac14fa6ff5f0d22b8305ea38f9
dzi_example/RS007_048_neottia nidus-avis_large_image_20X_z000_files/16/7_18.jpg	667189	117f0c8e8a2009f02c8c2d74d188cb5e57674aee6d35ff8c975b55f7dfb2e802
dzi_example/RS007_048_neottia nidus-avis_large_image_20X_z000_files/16/7_19.jpg	720136	bc2d03499fa2b45e9b366655112fabaa956d24fee1eae3b40248b9113300dcdf
dzi_example/RS007_048_neottia nidus-avis_large_image_20X_z000_files/16/7_2.jpg	934615	7c87500bc25e0a0a5c89c5ef539b72a34aa61191aa95dc0841ca85e201849e38
dzi_example/RS007_048_neottia nidus-avis_large_image_20X_z000_files/16/7_20.jpg	1265620	a86d52d46a74ca330e53f148176947cd51448a7e7bf14a76c8d77ab6dd52ad76
dzi_example/RS007_048_neottia nidus-avis_large_image_20X_z000_files/16/7_21.jpg	748118	a04a868bcf4a49549df5e4ef48c37039599a2ac295353e2101e9b0870f1108e1
dzi_example/RS007_048_neottia nidus-avis_large_image_20X_z000_files/16/7_3.jpg	683554	81e90ca6dcc48c61f90a1dd79193f70483833b7adc481c1c08fb44515f5bdf54
dzi_example/RS007_048_neottia nidus-avis_large_image_20X_z000_files/16/7_4.jpg	699123	df9ebf3a5bef82198b7f88f0b3f7a2b6b20d5ac3dafb01a8529b02dcb8c2f676
dzi_example/RS007_048_neottia nidus-avis_large_image_20X_z000_files/16/7_5.jpg	673738	2269a0e208fda6d1aaeb75831d88f65a54acab65159fb9cedaae2991d57fc805
dzi_example/RS007_048_neottia nidus-avis_large_image_20X_z000_files/16/7_6.jpg	744355	b43ef57f82dd4bc9cc0405b4c15270a186dd170dac74f0ebefe33956ea21b707
dzi_example/RS007_048_neottia nidus-avis_large_image_20X_z000_files/16/7_7.jpg	746009	86cd4bf1adf446473a84b1ce32c5516a208cb664381dcb559ca55f5bb51ee558
dzi_example/RS007_048_neottia nidus-avis_large_image_20X_z000_files/16/7_8.jpg	719944	d4cd69c66221c987beea4111cd8f9f28144d714e1d085c7488587108df6b88ca
dzi_example/RS007_048_neottia nidus-avis_large_image_20X_z000_files/16/7_9.jpg	836759	056d09c3077b0a3901bfd1087ada98b397752bb4a3c08c4982617dca6d278541
dzi_example/RS007_048_neottia nidus-avis_large_image_20X_z000_files/16/8_0.jpg	1128257	306ad694abf7675e253a03e188998c077513c2ee9305ae382c87f80512262b2d
dzi_example/RS007_048_neottia nidus-avis_large_image_20X_z000_files/16/8_1.jpg	1180074	7409a57491e584efdc883dd31b62475bef38cdc7383760c14eec9aac616e7efd
dzi_example/RS007_048_neottia nidus-avis_large_image_20X_z000_files/16/8_10.jpg	969319	0547ab983bdd1ced73567fbcc001fbb48280a257db6a3ce8651d0399cc20fef2
dzi_example/RS007_048_neottia nidus-avis_large_image_20X_z000_files/16/8_11.jpg	772341	6c9c608c8369b40783735f32f2305916e3a24400e19d241db394526bf0d2dd51
dzi_example/RS007_048_neottia nidus-avis_large_image_20X_z000_files/16/8_12.jpg	853922	43c48bae22aaf06a409f5ee3150b08a000f1d4ffef319d053c49a70938d9bd48
dzi_example/RS007_048_neottia nidus-avis_large_image_20X_z000_files/16/8_13.jpg	803218	944b52c4e7280bab708af9f31acf72bc283937f4a7c765349713fd46dc692057
dzi_example/RS007_048_neottia nidus-avis_large_image_20X_z000_files/16/8_14.jpg	825699	a51f707a8951b69396386198f980b5bbe568415cf2306ef1af1d8b7326f03a89
dzi_example/RS007_048_neottia nidus-avis_large_image_20X_z000_files/16/8_15.jpg	723293	89074629ae0f3ae63c1175a58afbaf1e6f3b44f32cbb8672e123c514c140e8d8
dzi_example/RS007_048_neottia nidus-avis_large_image_20X_z000_files/16/8_16.jpg	752628	fc34e2b09bf233623bde91e084a2f9d4c29cb5b851a3bcd925e1b7ca97ac6337
dzi_example/RS007_048_neottia nidus-avis_large_image_20X_z000_files/16/8_17.jpg	665013	11a12f28e7e75e285f06106786f30990c61d7204a5624dea741ed1599c0aae2b
dzi_example/RS007_048_neottia nidus-avis_large_image_20X_z000_files/16/8_18.jpg	671388	f2f3c9dcc6ee50eb0e69ce0027a6da5c808154ff23573dd15ebbf94ee2d8f7b9
dzi_example/RS007_048_neottia nidus-avis_large_image_20X_z000_files/16/8_19.jpg	674621	52ff3dc04e0ab53a2067bb4dbfa13c0d564ffd5d616416721c65bb270d7c238f
dzi_example/RS007_048_neottia nidus-avis_large_image_20X_z000_files/16/8_2.jpg	705983	d0a54eeb6e13ad0908323a9276e7b1a1fe6f3d6fe4ff834e9cc8dc3814579dbb
dzi_example/RS007_048_neottia nidus-avis_large_image_20X_z000_files/16/8_20.jpg	1093555	a4d98efc4262f016e079dfd35a9d739aebad5a590688ae520221b8eb80a0fa04
dzi_example/RS007_048_neottia nidus-avis_large_image_20X_z000_files/16/8_21.jpg	752333	935ceb659f9e5d941a5f13d77ae684dc87f25414363ab13281be2cac027a7b57
dzi_example/RS007_048_neottia nidus-avis_large_image_20X_z000_files/16/8_3.jpg	678503	d4972cc8bfe1609c55d92c0600ee1d10da3314ec06476a39d493f3262e9cab09
dzi_example/RS007_048_neottia nidus-avis_large_image_20X_z000_files/16/8_4.jpg	684930	bb2de3c1db1a088fe7218868b5b45df2479c815895ebd009cacb91c7e7d93084
dzi_example/RS007_048_neottia nidus-avis_large_image_20X_z000_files/16/8_5.jpg	718260	871ae66a6b9f450633a461996a7d0f4eb9ca114aa5955c7709c8f2d4af98964d
dzi_example/RS007_048_neottia nidus-avis_large_image_20X_z000_files/16/8_6.jpg	722439	0d087149af640b2185388ec6d3ddc1414a9874bb52183b7f67bb6034504f5e7f
dzi_example/RS007_048_neottia nidus-avis_large_image_20X_z000_files/16/8_7.jpg	713332	ebe1bce37df3b3deedeff2ff80a3bf508acfb85d37d462a1a425af6f85229c85
dzi_example/RS007_048_neottia nidus-avis_large_image_20X_z000_files/16/8_8.jpg	824130	333089038e0918a0319fd7d08e45b9128171631ba8a273d8dd523909994ce856
dzi_example/RS007_048_neottia nidus-avis_large_image_20X_z000_files/16/8_9.jpg	837431	24187d3bc3e6cb12749bfa5a649f6a239d5db9efdf23d055a23ea9cf9ea05039
dzi_example/RS007_048_neottia nidus-avis_large_image_20X_z000_files/16/9_0.jpg	1126423	2845d98b33c79ce72ad36fa4e343c226d63bc1f7e69c170af44e2f3e75975e76
dzi_example/RS007_048_neottia nidus-avis_large_image_20X_z000_files/16/9_1.jpg	973025	43a24ea49cf82dbd38eb48325bf5137d84a1a684a2c058313279f04ba5cf2e24
dzi_example/RS007_048_neottia nidus-avis_large_image_20X_z000_files/16/9_10.jpg	897929	2737eb1db991d82141c742b7c5f24e81e0ec94bd671dc94e6e573e15bf333bfd
dzi_example/RS007_048_neottia nidus-avis_large_image_20X_z000_files/16/9_11.jpg	754517	97d4d05d05789485a58457a5075533a1fa325ad3b24bb37b1985ca82f68af16c
dzi_example/RS007_048_neottia nidus-avis_large_image_20X_z000_files/16/9_12.jpg	801803	eb7cc10b307e33d50bbaf0d4571ac7ca956b83d4b5e3ea098ad741aa96d4717b
dzi_example/RS007_048_neottia nidus-avis_large_image_20X_z000_files/16/9_13.jpg	731221	48785acba66c0ea3ac4145b7b202f6cab8bbfc7b453b8f1a47e2b502d76e9d71
dzi_example/RS007_048_neottia nidus-avis_large_image_20X_z000_files/16/9_14.jpg	757433	8ccd3b5f8e69506c2ceff11b654fb7e288a1c06feb4bcc8f16040db4d7dccfd9
dzi_example/RS007_048_neottia nidus-avis_large_image_20X_z000_files/16/9_15.jpg	790878	29466f50fffb1c41bbc1340afda989d1d14e75cfdd828c9c0455211d9983fbac
dzi_example/RS007_048_neottia nidus-avis_large_image_20X_z000_files/16/9_16.jpg	722212	0a6bbefb04c82dc1d204da0052692c4f80ed58b7dd1ce1079ce07833784fd830
dzi_example/RS007_048_neottia nidus-avis_large_image_20X_z000_files/16/9_17.jpg	690907	c4cd2558eb6a5a50092e6338c2f0b7a0e370a908e77a8e692ce4026e6121c84f
dzi_example/RS007_048_neottia nidus-avis_large_image_20X_z000_files/16/9_18.jpg	659612	6b9037280eb76fd61491d52be7ea6ede6bcf9db4f9b29457b86df601245869c0
dzi_example/RS007_048_neottia nidus-avis_large_image_20X_z000_files/16/9_19.jpg	660512	3bf87f94f54184f0023d293b4addfd6732169d98b38259b639a089109130ba05
dzi_example/RS007_048_neottia nidus-avis_large_image_20X_z000_files/16/9_2.jpg	696065	d89df816311fb775bfa012286c7186d8da0162ae39f36d65d3f5a13307a82394
dzi_example/RS007_048_neottia nidus-avis_large_image_20X_z000_files/16/9_20.jpg	951244	73c03740b43119c2647db7b75a598f3392f16f7d7f9aa4b86f55b50c26ab0ab1
dzi_example/RS007_048_neottia nidus-avis_large_image_20X_z000_files/16/9_21.jpg	759811	c8f8d11b19c4081ae98c68423446e3370370fbe5b10743569fac6c37d3944027
dzi_example/RS007_048_neottia nidus-avis_large_image_20X_z000_files/16/9_3.jpg	657147	9265c9b8e4810b5d0daf0941e3c088dc003fa330fa4a50a5dc228f17317d03f7
dzi_example/RS007_048_neottia nidus-avis_large_image_20X_z000_files/16/9_4.jpg	649628	1a4673b889e92ff34179525fc226e90598c1f0c563de7533911501bf883d005e
dzi_example/RS007_048_neottia nidus-avis_large_image_20X_z000_files/16/9_5.jpg	685479	edad3347758b4ecc87f57f84a4f5fe01ea2f91f9c4b2d4d46d4a85e8c52b64a2
dzi_example/RS007_048_neottia nidus-avis_large_image_20X_z000_files/16/9_6.jpg	770323	26bfeba1328033a63685d71c3740495ee9d7c986d8d88752860e9cac2c9a63d8
dzi_example/RS007_048_neottia nidus-avis_large_image_20X_z000_files/16/9_7.jpg	801173	002efa6d202e7c32f5c518935aa0d5ec27f3996f6a0ea62f9c5e9a66a6cecde5
dzi_example/RS007_048_neottia nidus-avis_large_image_20X_z000_files/16/9_8.jpg	786130	003f1267783dfe2a52994a4ad76482b6536c2cfdef63e230508ce001269f76df
dzi_example/RS007_048_neottia nidus-avis_large_image_20X_z000_files/16/9_9.jpg	710452	c582239ec3a234f32bcaa524863ab39b7b555290a4f8d31e214ceee21afb90ee
dzi_example/RS007_048_neottia nidus-avis_large_image_20X_z000_files/2/0_0.jpg	300	64f226466300934c959707c7777bc229940630c580a11681a59f389e928dc32d
dzi_example/RS007_048_neottia nidus-avis_large_image_20X_z000_files/3/0_0.jpg	309	2feebe3b0037ab7f30e6868c9010da00c32eac6a5c50fc3a07fc40895f3887ec
dzi_example/RS007_048_neottia nidus-avis_large_image_20X_z000_files/4/0_0.jpg	355	dbeca6b111c1b31a9d27f16062999b52beca95760bf594e84c4efc699734a1db
dzi_example/RS007_048_neottia nidus-avis_large_image_20X_z000_files/5/0_0.jpg	443	7a61b26566dfbc8739f6df04a85ca3b8da74c97eb89f8a140bffc6f0f57d5edf
dzi_example/RS007_048_neottia nidus-avis_large_image_20X_z000_files/6/0_0.jpg	783	86f06627cb2d88420f41797365c9f119777a5dcbfa3da60b47ec0dc2e84da943
dzi_example/RS007_048_neottia nidus-avis_large_image_20X_z000_files/7/0_0.jpg	1923	9b6c7b5007222b3f1517f4992d1f81bc19c71582fc6796ddedb43f332701d8f4
dzi_example/RS007_048_neottia nidus-avis_large_image_20X_z000_files/8/0_0.jpg	5953	d128ed8ec4e0394ffe35eb4b7f01ad2c719670c9e0ac9f2850711795d8cf665c
dzi_example/RS007_048_neottia nidus-avis_large_image_20X_z000_files/9/0_0.jpg	19025	d41ba7824e84bb907dd9ea0009327f78b070b955def76b1ec456b9b838c8efbb
image_sequence/t32.png	2090076	cfafa9f283e0feeb2991cd7078663ca2da2d63d42f7747325b95436d822d50fd
image_sequence/t33.png	2087931	fe51bc6bd538b791d01245272d6ab8acf9c12b654f8612be2526590c80004a34
image_sequence/t34.png	2094364	dd61a710004e03414e763cc5369a1b0bd1aa4c1d19097c4541f8b6fc6e31ded3
image_sequence/t35.png	2102689	a2b91e42062a77b275a509fef8a0a500749f58e86259796968ce0b46f6947452
image_sequence/t36.png	2101176	85933883ed42945f934a5ce2725416cd2e2ccb7afaebd24b2df022bd0bac0ac5
image_sequence/t37.png	2102430	3517a1d6e9465d82bd0c8356fff43e840f0b8e4ec208b4241ba7317882f8b6a9
image_sequence/t38.png	2108201	8331ceced008994e13430fca09719d1bf4501ad9927faf9e020bffcf9df90401
image_sequence/t39.png	2105393	e55714036a53e9c14028abf1dd5110181ee057cc4eb9c21abe100bfa57dcf0b2
image_sequence/t40.png	2108418	944ba33457b68a6a29619e9d4ee5aca7f2979b8ab8a61adad2bfb43a88105a8e
image_sequence/t41.png	2103019	ff08886d3c9055e23fc500379e73a0d51555d837a2259dea05d4454818b184f8
image_sequence/t42.png	2100024	ba1d456ce489332d99640b91b00be4dea120fd5af71593a741eee5c459aaaa21
image_sequence/t43.png	2101402	a47568cdb23b7c15027420b7c058a3540a6667ac8d30838b0971792101504455
image_sequence/t44.png	2036500	c29de6a38576b39a6009a98cf9c4a26683183a3a26843f817ec3e89c22ee96a3
image_sequence/t45.png	1987906	ad7bcaaf61ca51a20f06b0ab37d74096edbdbc3d567f6bf86cf98b515b254102
image_sequence/t46.png	2094495	b252bbfe436fb4ffc60c3170e6a9d76557bbf9ff61918f99ef706e47402ff195
image_sequence/t47.png	2097793	51c894d2de61cbd19d4107ef2e3b0c154e4281059922cd3944644e5861796623
image_sequence/t48.png	2105467	9e981186ba2a89b7cffb6c31f47bf75822220f25ff45420f2ec29c9aa62e043b
image_sequence/t49.png	2101127	280b373b0b7fb292d1b6fa30e3b982cf26b2090ffa146a9b63aea209ebecfc39
image_sequence/t50.png	2103463	62ba92a0ab6b294b5517e80c1313549165755ee88b947150fbe25ac1994bdd6d
LICENSE	7169	f4e7f373b9b996950337e8d41a4a2939c2d90b7725e9baf3d5084a22717ad328
Picture1.png	1089622	3af1f3ed90b1c40a72fbbe60776ea3d1755172d6af547bdc3f29a64f1a5ceb14
PROVENANCE.md	2081	83c0ed06119fb6516b915c516e5b45ceb4ce7b9ec02f0ed3052d5e5d45c62c11
README.md	1863	8f962df07aeda0b5248d4137122168c32fe9bf2303c05cd8230f7f716c23649b
RIGHTS.md	1566	46feeff2d45a05918b5673185c8b37da97d74a998ce352358ef17b9f12130fda
test.mp4	4055898	8417a56259a846c16b9fc329f997d2cde58bb07ccadd28ea1d4cb7ddd64468f6
